SEASON_RANK,NAME,TEAM,QBR,PAA,PLAYS,EPA,PASS,RUN,SACK,PEN,RAW,YEAR,SEASON_TYPE
1,P. Manning,IND,86.4,85.5,624,108.8,96.0,6.8,-5.0,1.1,87.4,2006,REGULAR
2,T. Brady,NE,68.6,30.9,610,57.9,38.8,4.3,-12.0,2.8,67.2,2006,REGULAR
3,P. Rivers,SD,67.4,28.2,542,53.0,43.1,-0.9,-10.4,0.3,67.6,2006,REGULAR
4,C. Palmer,CIN,67.1,29.9,623,58.3,43.2,-0.3,-12.9,2.5,66.4,2006,REGULAR
5,D. Brees,NO,66.7,36.7,631,64.2,61.0,-5.2,-7.7,0.6,69.5,2006,REGULAR
6,S. McNair,BAL,66.0,27.2,548,51.8,38.2,8.2,-6.0,-0.6,66.9,2006,REGULAR
7,C. Pennington,NYJ,64.2,20.8,587,47.1,27.9,3.0,-10.9,5.2,62.3,2006,REGULAR
8,T. Romo,DAL,63.5,22.0,414,40.9,34.0,-2.9,-9.2,0.5,67.9,2006,REGULAR
9,D. McNabb,PHI,62.1,17.2,380,34.9,17.1,9.1,-9.2,-0.4,65.5,2006,REGULAR
10,M. Leinart,ARI,60.5,8.7,447,27.0,17.0,-0.3,-7.9,2.4,56.8,2006,REGULAR
11,M. Bulger,STL,59.4,14.8,717,49.3,22.7,0.8,-22.7,3.0,57.3,2006,REGULAR
12,B. Roethlisberger,PIT,58.0,8.8,565,35.4,14.9,0.3,-18.5,1.7,55.5,2006,REGULAR
13,M. Vick,ATL,58.0,20.7,575,48.2,-6.5,32.3,-20.1,2.3,62.5,2006,REGULAR
14,M. Hasselbeck,SEA,56.9,5.3,454,28.4,8.1,5.4,-13.8,1.1,54.1,2006,REGULAR
15,V. Young,TEN,56.1,13.4,485,34.8,-3.2,27.2,-7.9,2.9,59.6,2006,REGULAR
16,J. Harrington,MIA,51.0,-4.6,443,19.5,12.1,-1.8,-7.3,1.9,46.4,2006,REGULAR
17,J.P. Losman,BUF,49.5,-5.0,551,24.0,-1.4,0.2,-22.9,2.3,46.8,2006,REGULAR
18,J. Plummer,DEN,49.2,-3.2,375,17.6,7.8,0.7,-8.0,1.1,47.0,2006,REGULAR
19,R. Grossman,CHI,48.9,-3.2,568,25.4,6.7,1.8,-10.6,6.2,48.0,2006,REGULAR
20,E. Manning,NYG,48.6,4.0,606,33.6,22.8,-1.9,-10.6,2.1,52.3,2006,REGULAR
21,D. Carr,HOU,45.8,-5.6,556,23.1,2.7,3.7,-16.2,0.5,46.4,2006,REGULAR
22,B. Favre,GB,45.5,-12.2,687,23.4,19.1,-4.0,-7.4,1.0,43.8,2006,REGULAR
23,J. Kitna,DET,45.3,-17.7,744,23.1,-2.5,-0.6,-25.6,0.6,41.7,2006,REGULAR
24,A. Smith,SF,44.4,-13.5,551,14.9,4.0,0.0,-12.2,-1.2,41.4,2006,REGULAR
25,J. Delhomme,CAR,43.0,-4.5,484,22.3,10.8,0.7,-9.7,1.1,46.7,2006,REGULAR
26,C. Frye,CLE,42.1,-13.8,509,13.9,-12.1,4.7,-19.7,1.7,40.5,2006,REGULAR
27,B. Johnson,MIN,39.7,-17.2,530,12.8,-2.9,1.4,-13.0,1.3,38.7,2006,REGULAR
28,B. Gradkowski,TB,32.0,-17.8,414,5.7,-1.9,-2.0,-9.3,0.4,35.2,2006,REGULAR
29,A. Walter,OAK,23.0,-32.8,372,-8.9,-21.9,-4.0,-18.4,-1.4,22.3,2006,REGULAR
1,T. Brady,NE,83.0,12.8,135,19.9,16.9,0.4,-2.2,0.3,79.2,2006,POST
2,P. Manning,IND,71.9,9.4,174,18.6,15.9,-0.6,-2.1,1.2,68.2,2006,POST
3,D. Brees,NO,68.7,3.1,92,7.5,6.2,-0.5,-2.7,-0.9,61.7,2006,POST
4,E. Manning,NYG,63.8,1.3,38,3.4,1.9,0.3,-0.6,0.5,61.7,2006,POST
5,J. Garcia,PHI,59.8,2.8,76,7.2,6.8,-1.1,-1.6,-0.2,62.6,2006,POST
6,M. Hasselbeck,SEA,55.5,0.8,79,5.4,2.8,0.0,-1.1,1.5,53.5,2006,POST
7,C. Pennington,NYJ,52.5,-0.6,47,1.8,3.0,-2.1,-0.6,0.2,45.5,2006,POST
8,T. Romo,DAL,40.0,-1.8,34,0.2,-0.9,0.0,-1.1,0.1,32.1,2006,POST
9,R. Grossman,CHI,30.5,-5.5,102,0.5,-1.0,-1.0,-2.4,0.1,31.9,2006,POST
10,S. McNair,BAL,22.2,-2.4,35,-0.3,-0.7,0.3,-0.2,-0.1,27.5,2006,POST
11,P. Rivers,SD,19.3,-3.5,35,-1.5,-4.0,0.3,-2.3,0.0,19.3,2006,POST
12,T. Green,KC,11.5,-4.5,31,-1.7,-1.8,-1.0,-1.1,-0.1,11.6,2006,POST
1,T. Brady,NE,87.0,96.2,667,109.2,91.7,7.8,-8.1,1.6,88.5,2007,REGULAR
2,D. Garrard,JAX,80.9,46.9,411,65.5,45.4,10.6,-8.6,0.9,83.4,2007,REGULAR
3,P. Manning,IND,76.9,48.4,580,74.0,64.2,-0.7,-7.6,2.9,76.5,2007,REGULAR
4,T. Romo,DAL,76.9,56.1,611,87.7,70.9,5.6,-11.3,-0.1,78.6,2007,REGULAR
5,B. Favre,GB,70.8,37.2,600,66.1,58.9,-3.0,-6.6,3.5,70.6,2007,REGULAR
6,B. Roethlisberger,PIT,70.5,38.7,496,61.4,30.9,9.1,-21.2,0.2,75.1,2007,REGULAR
7,K. Warner,ARI,67.9,41.3,512,64.8,57.3,-2.5,-8.4,1.6,75.8,2007,REGULAR
8,D. Brees,NO,64.6,39.7,718,66.0,56.7,0.7,-6.4,2.1,68.6,2007,REGULAR
9,J. Cutler,DEN,64.3,22.1,551,47.0,34.2,-0.2,-11.1,1.8,63.8,2007,REGULAR
10,D. Anderson,CLE,62.6,29.7,596,58.3,49.8,3.1,-6.0,-0.7,66.9,2007,REGULAR
11,M. Schaub,HOU,62.6,16.7,328,32.5,25.3,-0.2,-6.8,0.6,67.2,2007,REGULAR
12,C. Palmer,CIN,62.5,26.4,647,56.9,47.6,-1.6,-9.2,1.7,64.0,2007,REGULAR
13,J. Campbell,WSH,59.8,17.9,494,44.2,30.8,4.3,-9.4,-0.3,62.6,2007,REGULAR
14,J. Garcia,TB,59.4,14.7,388,32.6,23.8,0.7,-8.4,-0.2,63.1,2007,REGULAR
15,P. Rivers,SD,54.5,4.3,540,31.0,24.1,-4.0,-9.6,1.3,52.8,2007,REGULAR
16,M. Hasselbeck,SEA,54.4,18.9,653,51.7,40.3,-3.5,-14.1,0.8,60.1,2007,REGULAR
17,D. McNabb,PHI,54.0,10.5,580,41.6,16.6,5.1,-18.3,1.7,56.3,2007,REGULAR
18,E. Manning,NYG,52.0,8.1,620,40.9,21.5,3.9,-11.5,4.0,54.6,2007,REGULAR
19,T. Jackson,MIN,50.6,2.2,375,20.6,8.0,5.7,-7.2,-0.2,52.0,2007,REGULAR
20,J. Kitna,DET,49.0,-3.4,683,29.2,11.3,-3.5,-17.8,3.6,48.3,2007,REGULAR
21,K. Boller,BAL,47.4,3.5,331,19.1,5.4,2.8,-10.8,0.2,53.8,2007,REGULAR
22,V. Young,TEN,46.9,1.2,503,29.1,12.5,3.9,-11.2,1.6,50.8,2007,REGULAR
23,C. Lemon,MIA,45.5,2.4,376,18.3,5.0,4.8,-8.0,0.5,52.3,2007,REGULAR
24,C. Pennington,NYJ,45.4,-0.8,322,17.4,8.4,-3.5,-10.4,2.1,49.1,2007,REGULAR
25,J. Harrington,ATL,43.3,-3.4,414,18.7,7.4,-2.8,-13.0,1.1,47.1,2007,REGULAR
26,M. Bulger,STL,42.4,-5.3,457,19.3,3.9,-0.4,-14.4,1.4,45.9,2007,REGULAR
27,D. Huard,KC,38.5,-12.3,405,11.5,-0.5,-3.0,-14.3,0.7,39.4,2007,REGULAR
1,P. Manning,IND,90.3,7.3,52,10.3,9.9,-0.6,0.0,1.0,87.8,2007,POST
2,D. Garrard,JAX,88.1,9.3,70,12.0,4.4,5.3,-2.6,-0.2,86.8,2007,POST
3,E. Manning,NYG,78.9,13.2,142,21.6,17.1,-1.0,-4.3,1.2,78.8,2007,POST
4,T. Romo,DAL,78.7,4.2,44,6.8,4.3,1.5,-1.1,-0.1,79.2,2007,POST
5,T. Brady,NE,72.6,7.6,122,14.5,11.4,-0.2,-2.8,0.5,70.7,2007,POST
6,P. Rivers,SD,71.9,6.5,97,12.4,12.0,-0.1,-1.3,-0.7,72.2,2007,POST
7,B. Favre,GB,66.0,2.9,60,6.3,6.2,0.0,-0.2,-0.1,66.2,2007,POST
8,T. Collins,WSH,59.1,0.3,58,3.1,1.4,-0.3,-1.3,0.7,51.7,2007,POST
9,V. Young,TEN,49.3,-1.2,36,0.9,-0.6,1.0,-0.8,-0.3,38.0,2007,POST
10,J. Garcia,TB,46.8,-0.3,43,1.8,1.5,0.1,-0.4,-0.2,47.5,2007,POST
11,M. Hasselbeck,SEA,45.8,-0.5,73,3.3,2.6,-0.8,-1.1,0.3,47.6,2007,POST
12,B. Roethlisberger,PIT,32.2,-2.8,56,0.6,1.0,-1.4,-1.9,-1.0,33.2,2007,POST
1,P. Manning,IND,76.5,56.5,623,86.4,81.4,-2.5,-6.2,1.3,78.3,2008,REGULAR
2,J. Garcia,TB,69.3,28.3,439,52.2,33.4,10.5,-8.5,-0.2,71.3,2008,REGULAR
3,M. Ryan,ATL,68.8,28.9,526,56.6,49.9,-3.6,-5.6,4.8,68.5,2008,REGULAR
4,K. Warner,ARI,68.5,39.8,670,67.1,59.6,-2.8,-10.4,-0.1,69.8,2008,REGULAR
5,M. Schaub,HOU,67.3,19.6,453,44.0,28.9,5.2,-7.9,1.9,64.8,2008,REGULAR
6,E. Manning,NYG,66.9,21.8,568,53.2,36.7,0.9,-11.5,4.0,63.2,2008,REGULAR
7,C. Pennington,MIA,65.7,32.3,549,63.8,50.3,3.0,-9.7,0.9,69.7,2008,REGULAR
8,D. Brees,NO,65.7,32.6,701,68.8,64.4,-2.5,-6.5,0.5,65.9,2008,REGULAR
9,M. Cassel,NE,63.4,28.6,637,59.0,27.9,12.2,-18.0,0.9,65.3,2008,REGULAR
10,P. Rivers,SD,63.2,22.5,569,54.2,35.0,5.5,-11.3,2.4,63.6,2008,REGULAR
11,A. Rodgers,GB,62.9,27.4,654,63.1,39.6,10.1,-14.6,-1.2,64.4,2008,REGULAR
12,S. Hill,SF,62.1,11.7,354,30.1,15.3,4.4,-8.5,1.8,61.5,2008,REGULAR
13,J. Cutler,DEN,61.9,31.9,696,68.6,65.4,-1.9,-3.6,1.5,65.7,2008,REGULAR
14,T. Romo,DAL,60.8,9.3,522,36.8,36.2,-5.9,-7.9,-1.4,56.3,2008,REGULAR
15,D. Garrard,JAX,58.7,16.6,681,53.8,19.5,16.1,-16.9,1.4,58.5,2008,REGULAR
16,J. Campbell,WSH,58.5,10.2,614,45.8,13.6,14.4,-16.6,1.2,55.8,2008,REGULAR
17,K. Collins,TEN,57.4,11.2,461,38.3,31.2,2.0,-3.3,1.9,58.5,2008,REGULAR
18,J. Delhomme,CAR,55.5,8.7,490,35.6,27.2,-0.2,-8.3,0.2,56.2,2008,REGULAR
19,D. McNabb,PHI,54.9,5.4,654,44.6,36.0,-3.0,-11.2,0.5,52.9,2008,REGULAR
20,R. Fitzpatrick,CIN,52.5,0.6,489,28.3,4.4,6.8,-14.4,2.8,50.4,2008,REGULAR
21,T. Thigpen,KC,50.7,4.0,527,32.4,13.8,8.3,-10.3,0.0,52.7,2008,REGULAR
22,K. Orton,CHI,48.2,-2.3,544,30.5,17.4,-1.2,-13.2,1.1,48.5,2008,REGULAR
23,J. Flacco,BAL,47.1,-11.5,555,22.3,5.0,-1.6,-15.9,3.0,42.7,2008,REGULAR
24,B. Roethlisberger,PIT,47.1,-7.1,578,30.2,9.5,-2.6,-21.9,1.3,45.7,2008,REGULAR
25,D. Anderson,CLE,44.4,-9.8,346,12.3,13.2,-6.4,-5.4,0.0,40.1,2008,REGULAR
26,B. Favre,NYJ,43.4,-6.9,618,29.4,21.6,-6.4,-12.7,1.5,46.0,2008,REGULAR
27,T. Edwards,BUF,43.1,-2.1,458,25.9,7.8,5.6,-10.5,2.0,48.4,2008,REGULAR
28,G. Frerotte,MIN,36.1,-13.7,367,10.1,-5.9,0.6,-12.5,3.0,37.1,2008,REGULAR
28,M. Bulger,STL,36.1,-20.2,535,11.9,-4.0,0.2,-14.6,1.2,37.0,2008,REGULAR
30,J. Russell,OAK,29.2,-23.4,453,5.4,-10.9,2.8,-12.1,1.3,32.5,2008,REGULAR
1,K. Warner,ARI,81.2,12.3,153,19.3,19.1,-0.9,-1.5,-0.4,75.8,2008,POST
2,K. Collins,TEN,65.2,0.5,45,3.5,3.4,0.0,-0.4,-0.3,53.7,2008,POST
3,D. McNabb,PHI,64.8,3.4,138,11.5,8.7,2.0,-2.4,-1.5,58.5,2008,POST
4,M. Ryan,ATL,59.7,0.7,52,4.0,4.9,-2.4,-1.6,-0.1,55.0,2008,POST
5,P. Manning,IND,55.7,2.3,48,5.5,4.2,0.0,-0.7,0.7,66.6,2008,POST
6,B. Roethlisberger,PIT,53.2,0.8,111,7.8,3.6,-0.6,-4.6,0.1,52.7,2008,POST
7,T. Jackson,MIN,45.5,-2.3,43,0.5,-1.6,0.6,-0.8,0.6,31.8,2008,POST
8,J. Flacco,BAL,40.6,-6.6,96,-0.1,-1.6,-1.1,-1.5,1.1,27.5,2008,POST
9,P. Rivers,SD,35.0,-4.8,85,0.8,-3.6,0.7,-3.5,0.2,31.0,2008,POST
10,E. Manning,NYG,34.6,-2.7,31,-0.5,0.1,-0.8,0.0,0.2,22.8,2008,POST
11,C. Pennington,MIA,29.1,-4.6,46,-1.2,-0.6,-2.1,-1.0,0.5,19.5,2008,POST
12,J. Delhomme,CAR,1.4,-12.5,42,-4.8,-6.4,0.0,-0.6,1.0,1.5,2008,POST
1,D. Brees,NO,82.0,66.3,582,103.5,88.4,4.7,-7.6,2.8,83.4,2009,REGULAR
2,P. Manning,IND,80.7,65.3,629,107.3,100.4,-1.4,-4.9,3.3,81.3,2009,REGULAR
3,P. Rivers,SD,77.2,49.1,578,89.2,72.8,1.1,-10.7,4.6,76.9,2009,REGULAR
4,B. Favre,MIN,74.4,49.1,614,89.2,72.7,-0.2,-15.8,0.9,75.6,2009,REGULAR
5,T. Brady,NE,74.1,45.8,645,88.8,77.9,1.2,-7.7,2.1,73.2,2009,REGULAR
6,M. Schaub,HOU,72.9,48.5,663,94.8,86.6,-1.5,-9.3,0.4,73.8,2009,REGULAR
7,E. Manning,NYG,71.7,34.8,587,67.1,55.5,-0.8,-10.6,1.8,69.8,2009,REGULAR
8,V. Young,TEN,69.6,18.9,323,43.4,30.5,9.6,-3.4,-0.2,69.5,2009,REGULAR
9,A. Rodgers,GB,69.1,42.6,685,87.6,44.1,18.9,-21.8,2.8,70.7,2009,REGULAR
10,B. Roethlisberger,PIT,69.0,34.7,613,84.1,52.6,4.3,-25.0,2.2,69.0,2009,REGULAR
11,M. Ryan,ATL,67.7,22.7,523,60.2,49.2,0.3,-7.5,3.2,64.9,2009,REGULAR
12,K. Warner,ARI,66.2,31.0,579,66.0,57.8,-2.7,-8.8,2.1,68.1,2009,REGULAR
13,T. Romo,DAL,65.5,27.3,647,73.1,57.4,1.4,-13.8,0.5,64.5,2009,REGULAR
14,C. Palmer,CIN,58.6,15.7,575,61.9,43.2,4.4,-14.4,-0.1,59.5,2009,REGULAR
15,J. Flacco,BAL,58.5,16.8,599,62.2,45.7,-1.6,-13.6,4.5,59.8,2009,REGULAR
16,D. McNabb,PHI,58.2,10.8,538,50.2,26.3,6.3,-15.1,2.5,57.0,2009,REGULAR
17,K. Orton,DEN,56.9,13.8,628,60.2,46.5,0.5,-10.2,3.0,57.7,2009,REGULAR
18,J. Campbell,WSH,55.2,8.3,622,54.5,23.5,10.0,-19.1,1.8,54.7,2009,REGULAR
19,D. Garrard,JAX,54.4,10.1,649,56.2,31.6,8.5,-14.6,1.5,55.5,2009,REGULAR
20,C. Henne,MIA,53.1,4.1,516,42.9,32.2,-0.4,-10.7,0.5,52.8,2009,REGULAR
21,J. Cutler,CHI,49.9,0.5,661,50.8,31.0,6.6,-12.6,0.6,50.3,2009,REGULAR
22,A. Smith,SF,41.8,-7.1,445,28.9,17.5,0.5,-9.7,1.2,44.4,2009,REGULAR
23,J. Delhomme,CAR,37.3,-14.2,374,16.3,3.7,2.0,-11.2,-0.6,36.9,2009,REGULAR
24,M. Stafford,DET,37.1,-16.6,441,18.9,2.4,3.6,-11.3,1.7,37.0,2009,REGULAR
25,J. Freeman,TB,37.0,-13.2,356,15.4,4.1,5.6,-6.6,-0.9,37.2,2009,REGULAR
26,M. Hasselbeck,SEA,34.0,-25.0,573,20.3,4.2,1.0,-13.6,1.5,35.0,2009,REGULAR
27,M. Sanchez,NYJ,32.8,-20.0,452,18.5,0.5,5.7,-11.8,0.6,34.8,2009,REGULAR
28,M. Cassel,KC,29.7,-39.4,626,14.4,6.7,-11.6,-16.1,3.2,29.1,2009,REGULAR
1,P. Manning,IND,90.4,21.5,140,30.2,29.0,-0.7,-1.7,0.2,89.8,2009,POST
2,K. Warner,ARI,88.4,8.4,64,10.5,9.8,0.0,-0.6,0.1,86.4,2009,POST
3,D. Brees,NO,87.9,16.3,112,23.5,21.6,0.0,-1.2,0.7,88.7,2009,POST
4,A. Rodgers,GB,87.8,5.9,54,8.7,5.1,0.8,-1.8,0.9,82.6,2009,POST
5,M. Sanchez,NYJ,71.5,4.4,74,10.1,9.7,-0.1,-0.4,0.0,70.0,2009,POST
6,B. Favre,MIN,70.5,3.6,83,9.8,9.2,-1.1,-1.2,0.6,64.8,2009,POST
7,T. Romo,DAL,66.3,2.1,86,7.5,3.4,0.0,-3.4,0.6,58.7,2009,POST
8,P. Rivers,SD,64.8,1.6,48,5.6,4.0,0.8,-0.9,-0.1,61.6,2009,POST
9,C. Palmer,CIN,56.0,0.2,43,3.4,1.6,0.4,-1.1,0.4,51.7,2009,POST
10,D. McNabb,PHI,24.6,-4.9,47,-0.3,-0.9,-0.1,-0.8,-0.1,18.8,2009,POST
11,J. Flacco,BAL,19.9,-5.0,55,0.0,-1.4,0.7,-0.6,0.0,21.8,2009,POST
12,T. Brady,NE,9.1,-7.0,47,-1.6,-2.8,0.0,-1.0,0.2,11.0,2009,POST
1,T. Brady,NE,79.1,52.0,574,79.1,66.7,0.8,-8.9,2.8,78.3,2010,REGULAR
2,P. Manning,IND,71.6,60.3,749,108.8,96.3,1.3,-6.3,4.9,75.7,2010,REGULAR
3,M. Ryan,ATL,71.2,39.6,668,83.8,64.1,2.2,-11.2,6.4,69.8,2010,REGULAR
4,D. Brees,NO,70.8,45.0,726,91.9,80.3,-1.2,-12.0,0.8,70.6,2010,REGULAR
5,M. Vick,PHI,70.4,32.8,523,63.1,26.6,20.1,-14.8,1.7,70.8,2010,REGULAR
6,A. Rodgers,GB,69.6,34.5,604,76.1,49.9,10.3,-14.7,1.2,69.2,2010,REGULAR
7,J. Freeman,TB,69.5,36.5,601,76.7,46.0,16.5,-13.4,0.8,70.3,2010,REGULAR
8,B. Roethlisberger,PIT,67.4,24.8,459,52.1,30.9,5.6,-13.9,1.7,68.2,2010,REGULAR
9,P. Rivers,SD,66.9,34.5,642,73.2,61.0,-3.3,-15.6,-0.1,68.1,2010,REGULAR
10,D. Garrard,JAX,63.1,24.2,482,56.4,28.6,12.0,-14.7,1.1,67.0,2010,REGULAR
11,M. Schaub,HOU,61.0,24.3,653,62.4,45.5,-0.8,-14.4,3.3,62.9,2010,REGULAR
12,J. Flacco,BAL,59.1,17.9,617,63.1,36.7,0.8,-20.1,5.5,60.1,2010,REGULAR
13,E. Manning,NYG,57.7,19.5,613,54.7,44.0,1.9,-6.3,2.4,61.1,2010,REGULAR
14,M. Cassel,KC,55.8,15.5,534,48.2,35.9,-0.2,-11.1,1.4,60.1,2010,REGULAR
15,K. Collins,TEN,55.4,8.7,325,26.5,20.7,-2.1,-4.5,3.3,59.4,2010,REGULAR
16,C. Palmer,CIN,55.1,8.8,681,54.4,45.3,-3.2,-10.1,2.1,54.6,2010,REGULAR
17,K. Orton,DEN,53.8,5.4,586,40.7,22.0,3.0,-13.9,1.7,53.3,2010,REGULAR
18,S. Hill,DET,53.2,2.0,484,35.8,25.9,2.4,-7.5,0.0,51.4,2010,REGULAR
19,J. Kitna,DAL,52.9,6.2,387,29.3,21.5,1.6,-6.3,-0.1,55.7,2010,REGULAR
20,M. Hasselbeck,SEA,52.3,0.5,515,33.9,18.7,3.4,-12.4,-0.6,50.3,2010,REGULAR
20,R. Fitzpatrick,BUF,52.3,1.0,535,37.5,26.6,0.4,-10.7,-0.2,50.7,2010,REGULAR
22,J. Cutler,CHI,51.4,1.7,560,42.8,5.3,11.4,-25.5,0.7,51.1,2010,REGULAR
23,M. Sanchez,NYJ,51.3,2.7,584,46.3,25.1,7.5,-12.2,1.5,51.6,2010,REGULAR
24,J. Campbell,OAK,48.8,-1.0,441,28.8,7.3,7.4,-14.2,-0.1,49.2,2010,REGULAR
25,D. McNabb,WSH,47.8,-2.9,567,37.2,16.0,5.2,-16.5,-0.5,48.2,2010,REGULAR
26,S. Bradford,STL,46.9,-5.9,697,43.8,28.7,-1.1,-13.2,3.0,47.0,2010,REGULAR
27,C. Henne,MIA,45.7,-5.0,574,38.7,27.1,-3.6,-13.6,1.6,46.9,2010,REGULAR
28,A. Smith,SF,43.8,-6.5,411,21.5,11.3,-0.5,-8.2,2.5,44.4,2010,REGULAR
29,B. Favre,MIN,38.4,-18.5,429,14.1,6.4,-4.7,-10.4,2.1,35.2,2010,REGULAR
30,D. Anderson,ARI,32.7,-21.4,376,6.9,-3.0,-0.2,-9.0,1.1,30.9,2010,REGULAR
31,J. Clausen,CAR,13.8,-50.4,378,-14.9,-20.4,-8.0,-13.2,0.3,13.2,2010,REGULAR
1,A. Rodgers,GB,85.2,18.1,161,27.4,20.6,2.3,-3.6,0.9,83.0,2010,POST
2,D. Brees,NO,70.5,3.3,66,7.5,8.0,-1.2,-0.6,0.1,66.9,2010,POST
3,P. Manning,IND,70.0,1.7,29,4.0,4.0,0.0,0.0,0.0,69.4,2010,POST
4,M. Sanchez,NYJ,70.0,4.3,102,11.4,10.0,0.4,-0.7,0.2,64.6,2010,POST
5,M. Hasselbeck,SEA,68.6,4.8,90,8.0,7.3,-0.4,-0.7,0.4,67.9,2010,POST
6,B. Roethlisberger,PIT,64.4,3.6,120,12.1,2.5,5.9,-3.6,0.0,60.4,2010,POST
7,M. Vick,PHI,60.2,0.1,51,4.0,0.2,2.1,-1.9,-0.2,50.8,2010,POST
8,J. Cutler,CHI,58.8,0.9,58,3.7,-0.2,2.2,-1.8,-0.1,55.5,2010,POST
9,J. Flacco,BAL,52.2,-1.4,80,4.7,-0.2,-0.2,-3.8,1.3,43.7,2010,POST
10,M. Ryan,ATL,40.3,-2.2,40,0.6,-1.3,-0.3,-1.4,0.8,31.5,2010,POST
11,T. Brady,NE,16.2,-6.3,53,-1.7,-4.4,0.1,-2.8,-0.2,15.8,2010,POST
12,M. Cassel,KC,12.8,-3.2,24,-1.1,-1.5,0.0,-0.5,-0.1,13.0,2010,POST
1,A. Rodgers,GB,83.8,78.0,651,109.7,78.3,13.2,-13.9,4.4,84.5,2011,REGULAR
2,D. Brees,NO,82.3,82.7,738,120.2,109.3,1.3,-8.7,0.9,83.0,2011,REGULAR
3,M. Schaub,HOU,73.8,23.0,330,43.0,34.1,1.9,-5.8,1.2,72.9,2011,REGULAR
4,T. Brady,NE,73.8,56.9,726,102.5,83.3,5.1,-13.2,0.9,75.2,2011,REGULAR
5,M. Ryan,ATL,69.3,37.4,656,76.0,55.5,4.0,-13.0,3.5,69.1,2011,REGULAR
6,T. Romo,DAL,69.0,35.5,611,71.5,57.0,-0.8,-15.0,0.3,69.5,2011,REGULAR
7,B. Roethlisberger,PIT,68.3,26.6,607,63.2,43.3,1.6,-15.1,3.1,65.0,2011,REGULAR
8,M. Vick,PHI,67.8,30.4,543,63.9,39.8,16.2,-8.4,-0.4,68.8,2011,REGULAR
9,P. Rivers,SD,64.9,27.6,673,70.9,54.5,0.9,-11.6,3.8,64.1,2011,REGULAR
10,E. Manning,NYG,64.2,27.9,685,73.0,61.8,-5.4,-11.4,5.2,64.0,2011,REGULAR
11,J. Flacco,BAL,63.7,23.4,647,62.4,40.9,5.8,-11.3,4.3,62.5,2011,REGULAR
12,J. Cutler,CHI,60.5,15.1,384,36.6,28.1,0.2,-7.7,0.6,63.6,2011,REGULAR
13,M. Stafford,DET,60.5,25.9,772,72.8,54.7,0.5,-15.4,2.2,61.6,2011,REGULAR
14,C. Newton,CAR,56.6,16.2,705,62.7,22.4,24.8,-16.2,-0.7,58.1,2011,REGULAR
15,M. Moore,MIA,55.7,8.8,430,37.6,21.8,-0.3,-12.9,3.3,57.2,2011,REGULAR
16,A. Smith,SF,54.5,4.9,580,46.5,16.1,9.7,-20.2,0.5,53.0,2011,REGULAR
17,C. Palmer,OAK,53.5,6.3,390,29.2,21.8,-0.5,-7.2,0.8,55.7,2011,REGULAR
18,M. Hasselbeck,TEN,51.4,2.3,578,40.6,27.4,2.0,-8.3,2.8,51.4,2011,REGULAR
19,R. Fitzpatrick,BUF,50.1,0.9,672,43.6,27.0,1.5,-9.3,5.7,50.5,2011,REGULAR
20,A. Dalton,CIN,49.5,-5.5,627,40.6,31.0,-3.5,-8.7,4.4,46.9,2011,REGULAR
21,M. Cassel,KC,48.4,4.5,334,24.9,11.3,4.7,-9.0,-0.1,54.7,2011,REGULAR
22,J. Freeman,TB,46.1,-6.3,675,35.9,14.6,9.8,-10.4,1.1,46.7,2011,REGULAR
23,T. Jackson,SEA,46.1,-8.6,568,31.5,15.3,-0.7,-16.6,0.3,44.7,2011,REGULAR
24,C. McCoy,CLE,45.9,-9.3,587,30.4,14.2,1.7,-12.2,2.4,44.4,2011,REGULAR
25,M. Sanchez,NYJ,42.1,-11.2,676,36.4,17.1,-1.0,-15.0,5.3,44.1,2011,REGULAR
26,R. Grossman,WSH,41.5,-10.9,522,27.7,16.4,-1.2,-13.1,-0.6,42.7,2011,REGULAR
27,T. Tebow,DEN,38.6,-13.3,444,17.5,0.3,7.6,-10.6,-1.0,39.6,2011,REGULAR
28,J. Skelton,ARI,37.3,-15.0,339,11.0,-2.2,1.9,-10.2,1.1,34.9,2011,REGULAR
29,K. Kolb,ARI,33.3,-15.2,324,9.0,-6.1,0.3,-12.9,1.9,34.0,2011,REGULAR
30,C. Ponder,MIN,32.4,-17.9,366,8.8,-11.5,8.5,-12.0,-0.2,33.4,2011,REGULAR
31,S. Bradford,STL,31.4,-25.3,436,7.3,-2.9,-2.1,-12.6,-0.4,30.5,2011,REGULAR
32,B. Gabbert,JAX,22.2,-46.0,516,-4.4,-23.6,-2.9,-18.7,3.4,22.1,2011,REGULAR
1,M. Stafford,DET,87.5,5.8,46,7.7,6.8,1.1,0.0,-0.1,85.6,2011,POST
2,T. Tebow,DEN,84.6,8.4,69,10.1,5.3,3.1,-1.0,0.7,85.0,2011,POST
3,D. Brees,NO,84.5,13.5,121,21.7,17.1,0.8,-2.5,1.3,82.8,2011,POST
4,T. Brady,NE,80.8,12.6,124,19.0,17.3,0.7,-0.9,0.1,80.8,2011,POST
5,E. Manning,NYG,74.4,13.1,184,26.2,18.8,0.9,-6.2,0.2,73.3,2011,POST
6,A. Rodgers,GB,65.4,4.4,59,7.6,1.4,4.5,-1.6,0.1,74.0,2011,POST
7,A. Smith,SF,51.0,1.7,83,8.1,1.6,3.7,-3.1,-0.3,57.1,2011,POST
8,J. Flacco,BAL,49.5,-0.5,79,5.7,1.0,0.3,-4.7,-0.3,48.0,2011,POST
9,T.J. Yates,HOU,44.1,-2.5,59,2.1,1.5,0.0,-0.8,-0.2,35.5,2011,POST
10,M. Ryan,ATL,39.0,-1.0,47,2.1,3.5,-2.0,-0.6,-0.1,42.2,2011,POST
11,B. Roethlisberger,PIT,36.9,-2.7,52,1.4,-1.1,0.3,-1.8,0.4,32.6,2011,POST
12,A. Dalton,CIN,28.3,-4.8,52,-0.5,-2.5,-0.9,-1.7,1.1,21.1,2011,POST
1,P. Manning,DEN,78.9,64.0,664,97.6,81.1,1.4,-8.7,6.4,79.6,2012,REGULAR
2,T. Brady,NE,77.2,59.0,720,99.0,78.6,2.8,-11.5,6.0,76.1,2012,REGULAR
3,R. Wilson,SEA,74.8,39.2,566,77.6,43.6,18.1,-13.9,1.9,72.7,2012,REGULAR
4,B. Roethlisberger,PIT,71.9,33.4,520,70.4,52.4,3.0,-13.3,1.7,71.3,2012,REGULAR
5,A. Rodgers,GB,71.3,45.0,702,90.7,49.6,13.6,-21.0,6.6,71.2,2012,REGULAR
6,M. Ryan,ATL,69.5,45.6,699,90.9,69.0,7.0,-12.4,2.6,71.6,2012,REGULAR
7,R. Griffin III,WSH,68.0,32.8,568,68.6,39.2,16.4,-12.6,0.4,69.4,2012,REGULAR
8,D. Brees,NO,66.8,41.3,742,84.5,73.9,-0.9,-11.6,-0.1,68.7,2012,REGULAR
9,E. Manning,NYG,65.2,30.3,607,66.0,55.7,-0.6,-7.0,4.0,67.0,2012,REGULAR
10,T. Romo,DAL,64.6,33.9,755,85.8,66.6,1.5,-17.1,0.6,65.4,2012,REGULAR
11,A. Luck,IND,64.3,34.4,756,84.6,42.2,18.3,-15.8,8.3,65.6,2012,REGULAR
12,M. Schaub,HOU,59.4,20.0,615,60.0,44.3,-0.6,-13.8,2.5,61.3,2012,REGULAR
13,M. Stafford,DET,57.7,14.3,824,70.6,51.2,2.8,-12.6,4.0,56.1,2012,REGULAR
14,C. Newton,CAR,55.7,16.0,677,62.3,20.3,28.4,-14.0,-0.4,58.3,2012,REGULAR
15,S. Bradford,STL,52.9,2.9,660,48.9,30.2,5.2,-14.4,-0.9,51.6,2012,REGULAR
16,C. Ponder,MIN,52.6,3.6,597,42.5,17.5,9.9,-11.2,3.9,52.1,2012,REGULAR
17,J. Flacco,BAL,51.4,2.1,641,47.4,33.3,-3.3,-14.2,3.2,51.1,2012,REGULAR
18,R. Tannehill,MIA,49.7,-2.7,600,40.0,16.5,3.3,-14.0,6.2,48.4,2012,REGULAR
19,M. Vick,PHI,49.4,1.8,459,33.1,14.3,4.4,-11.1,3.2,51.4,2012,REGULAR
20,N. Foles,PHI,48.2,1.1,323,23.8,10.4,3.0,-9.1,1.3,51.2,2012,REGULAR
21,A. Dalton,CIN,47.3,-4.2,645,43.6,13.1,9.8,-19.6,1.1,47.7,2012,REGULAR
22,J. Freeman,TB,46.8,-1.2,660,44.3,30.5,2.3,-10.6,0.9,49.4,2012,REGULAR
23,J. Cutler,CHI,45.3,-3.0,539,34.2,6.2,13.9,-12.3,1.8,48.1,2012,REGULAR
24,R. Fitzpatrick,BUF,45.2,-10.8,614,32.7,19.1,2.3,-10.2,1.1,43.8,2012,REGULAR
25,C. Palmer,OAK,44.3,-6.1,646,37.2,20.9,1.2,-10.7,4.3,46.6,2012,REGULAR
26,P. Rivers,SD,43.5,-13.8,649,33.8,10.7,-0.5,-19.0,4.6,42.6,2012,REGULAR
27,J. Locker,TEN,40.0,-9.2,406,19.3,-0.3,8.6,-8.7,2.2,42.0,2012,REGULAR
28,B. Gabbert,JAX,36.3,-14.2,352,11.9,1.8,-0.1,-8.3,1.9,36.1,2012,REGULAR
29,B. Weeden,CLE,33.7,-28.6,604,19.1,5.7,1.0,-12.5,-0.1,33.9,2012,REGULAR
30,C. Henne,JAX,29.0,-25.5,376,4.3,-4.5,-3.7,-11.2,1.2,27.7,2012,REGULAR
31,M. Sanchez,NYJ,28.2,-38.5,549,5.4,-6.8,-7.9,-15.9,4.0,27.1,2012,REGULAR
32,M. Cassel,KC,25.5,-24.5,337,2.4,-5.4,-0.6,-6.9,1.5,26.3,2012,REGULAR
1,C. Kaepernick,SF,91.2,19.3,115,25.6,7.1,16.5,-2.1,-0.1,91.5,2012,POST
2,J. Flacco,BAL,83.6,15.4,151,26.0,20.9,-1.0,-3.1,3.0,80.9,2012,POST
3,M. Ryan,ATL,78.2,8.0,84,13.7,15.2,-1.5,-0.2,-0.2,79.4,2012,POST
4,A. Rodgers,GB,76.6,7.6,86,11.0,6.4,2.3,-1.6,0.7,77.8,2012,POST
5,T. Brady,NE,70.5,4.7,97,10.6,10.4,-0.2,-0.5,-0.1,66.4,2012,POST
6,R. Wilson,SEA,61.6,2.7,89,8.6,0.2,4.1,-4.1,0.2,60.7,2012,POST
7,P. Manning,DEN,56.1,0.5,48,4.4,2.4,0.0,-1.5,0.4,53.4,2012,POST
8,M. Schaub,HOU,51.3,-0.9,96,5.8,4.9,-0.2,-0.5,0.5,46.8,2012,POST
9,A. Luck,IND,51.2,-1.6,66,3.1,-0.5,2.1,-1.9,-0.3,41.6,2012,POST
10,R. Griffin III,WSH,29.4,-1.6,27,0.6,0.5,-1.0,-0.9,0.2,30.2,2012,POST
11,A. Dalton,CIN,25.2,-4.4,38,-1.3,-3.1,0.1,-0.8,0.9,16.1,2012,POST
12,J. Webb,MIN,22.6,-3.8,40,-0.3,-3.9,2.3,-1.5,-0.2,20.6,2012,POST
1,P. Manning,DEN,79.0,75.3,739,117.7,110.2,-4.0,-7.4,4.1,80.9,2013,REGULAR
2,P. Rivers,SD,75.1,51.5,653,98.0,81.7,0.8,-11.3,4.2,75.3,2013,REGULAR
3,J. Cutler,CHI,70.1,25.3,401,49.6,35.0,7.6,-7.3,-0.3,70.9,2013,REGULAR
4,N. Foles,PHI,69.5,27.1,418,52.6,32.4,5.9,-11.9,2.4,71.5,2013,REGULAR
5,D. Brees,NO,69.1,43.4,760,90.8,71.0,2.8,-17.3,-0.3,69.2,2013,REGULAR
6,M. Ryan,ATL,67.5,32.9,753,83.1,58.0,3.0,-19.4,2.7,65.0,2013,REGULAR
7,C. Kaepernick,SF,67.3,26.5,578,66.3,25.5,21.6,-16.5,2.6,65.7,2013,REGULAR
8,R. Wilson,SEA,67.2,28.6,579,68.5,32.5,16.0,-18.9,1.0,66.8,2013,REGULAR
9,C. Newton,CAR,64.3,26.5,637,72.7,18.9,29.1,-22.3,2.5,64.3,2013,REGULAR
10,A. Luck,IND,63.8,28.2,708,71.4,26.0,21.8,-13.9,9.7,63.7,2013,REGULAR
11,T. Brady,NE,63.1,25.5,729,80.5,52.3,1.4,-20.1,6.8,62.1,2013,REGULAR
12,T. Romo,DAL,61.9,21.5,622,68.6,48.7,1.7,-16.1,2.1,62.0,2013,REGULAR
13,A. Rodgers,GB,61.6,10.8,357,36.2,17.5,7.2,-9.4,2.1,60.6,2013,REGULAR
14,R. Fitzpatrick,TEN,58.7,8.7,423,39.7,19.6,10.7,-9.5,-0.1,57.2,2013,REGULAR
15,B. Roethlisberger,PIT,58.0,15.5,669,61.4,39.6,1.8,-18.3,1.7,58.1,2013,REGULAR
16,M. Glennon,TB,55.2,4.6,515,38.6,20.8,-2.8,-16.4,4.1,53.1,2013,REGULAR
17,A. Dalton,CIN,54.8,10.1,698,60.5,39.0,5.8,-12.7,2.9,55.1,2013,REGULAR
18,C. Palmer,ARI,54.0,4.8,669,53.6,35.3,-1.6,-15.9,4.0,52.6,2013,REGULAR
19,M. Stafford,DET,53.5,12.6,718,69.1,59.3,-2.4,-9.8,2.3,56.2,2013,REGULAR
20,R. Griffin III,WSH,50.4,3.1,606,43.6,26.5,3.2,-14.3,-0.4,51.8,2013,REGULAR
21,R. Tannehill,MIA,48.4,-1.3,700,53.6,21.3,5.6,-24.7,2.0,49.3,2013,REGULAR
22,J. Flacco,BAL,48.0,-4.6,754,52.6,9.1,12.3,-21.9,9.3,47.8,2013,REGULAR
23,A. Smith,KC,45.0,-5.4,654,44.6,17.1,8.5,-17.1,1.9,47.1,2013,REGULAR
24,J. Campbell,CLE,43.3,-9.2,372,19.0,6.2,5.0,-7.4,0.4,41.4,2013,REGULAR
25,G. Smith,NYJ,41.0,-13.2,580,31.2,-6.9,16.1,-19.6,2.4,42.0,2013,REGULAR
26,T. Pryor Sr.,OAK,40.5,-11.9,412,17.0,-5.8,13.7,-11.1,-1.9,39.9,2013,REGULAR
27,E. Manning,NYG,38.6,-19.4,635,29.0,11.5,-2.1,-16.4,3.2,39.3,2013,REGULAR
28,M. Schaub,HOU,38.3,-15.8,409,16.5,8.8,-1.0,-7.8,0.9,36.7,2013,REGULAR
29,E. Manuel,BUF,38.2,-12.1,401,19.2,0.5,2.6,-11.8,4.3,39.5,2013,REGULAR
30,C. Henne,JAX,34.9,-26.3,602,18.6,0.5,0.1,-15.3,2.7,35.0,2013,REGULAR
31,B. Weeden,CLE,34.4,-15.1,329,10.4,-0.9,0.6,-10.5,0.3,34.3,2013,REGULAR
1,A. Smith,KC,86.3,7.1,57,9.8,6.6,2.9,-0.4,-0.1,85.5,2013,POST
2,N. Foles,PHI,83.5,4.1,38,7.3,5.5,-0.1,-1.0,0.8,82.4,2013,POST
3,C. Kaepernick,SF,82.3,9.2,119,18.9,7.0,8.9,-2.9,0.2,74.9,2013,POST
4,A. Luck,IND,81.3,10.1,97,13.8,10.3,2.4,-1.1,0.0,81.3,2013,POST
5,P. Manning,DEN,79.0,14.3,145,17.8,15.9,0.0,-0.3,1.7,80.2,2013,POST
6,T. Brady,NE,69.4,3.3,71,6.8,2.9,0.8,-2.2,0.8,65.8,2013,POST
7,A. Rodgers,GB,66.9,1.6,34,4.5,3.5,-0.5,-1.4,0.0,65.9,2013,POST
8,P. Rivers,SD,60.0,-0.1,54,3.7,2.2,-0.7,-2.6,-0.5,49.7,2013,POST
9,R. Wilson,SEA,51.8,-0.3,91,6.2,7.1,-2.8,-2.1,-0.2,48.7,2013,POST
10,C. Newton,CAR,51.5,0.1,41,3.1,-0.7,1.7,-2.0,0.1,51.2,2013,POST
11,D. Brees,NO,50.4,-2.5,88,4.2,3.6,0.6,-0.8,-0.7,40.3,2013,POST
12,A. Dalton,CIN,8.3,-8.2,59,-2.4,-1.8,-1.9,-1.1,0.1,12.3,2013,POST
1,T. Romo,DAL,79.2,49.2,508,80.4,61.8,3.0,-12.9,2.7,79.7,2014,REGULAR
2,A. Rodgers,GB,77.8,57.2,631,99.1,65.3,15.1,-13.4,5.3,78.3,2014,REGULAR
3,T. Brady,NE,77.2,55.7,677,100.2,83.6,3.8,-8.9,3.9,76.2,2014,REGULAR
4,D. Brees,NO,73.2,56.8,739,106.5,86.2,4.9,-11.8,3.5,74.8,2014,REGULAR
5,P. Manning,DEN,72.6,45.0,674,90.4,80.3,-3.8,-8.3,5.6,72.0,2014,REGULAR
6,R. Wilson,SEA,69.7,41.5,638,91.1,35.4,37.4,-17.7,0.6,71.5,2014,REGULAR
7,B. Roethlisberger,PIT,69.4,38.4,691,86.1,70.2,-0.9,-13.1,3.7,68.7,2014,REGULAR
8,J. Flacco,BAL,68.6,34.4,639,81.1,58.9,4.1,-10.6,7.4,68.2,2014,REGULAR
9,M. Ryan,ATL,66.8,39.1,716,86.4,68.0,3.9,-13.8,0.8,68.4,2014,REGULAR
10,P. Rivers,SD,65.1,26.9,681,79.8,59.9,0.5,-14.9,4.5,63.6,2014,REGULAR
11,A. Luck,IND,64.0,27.1,745,78.5,57.1,6.6,-11.0,3.7,62.6,2014,REGULAR
12,N. Foles,PHI,63.6,14.5,352,42.3,33.4,1.8,-3.9,3.2,64.1,2014,REGULAR
13,R. Fitzpatrick,HOU,61.8,12.8,402,42.4,26.9,6.4,-7.6,1.5,61.1,2014,REGULAR
14,E. Manning,NYG,61.0,24.8,689,75.5,60.4,1.4,-10.8,2.8,62.5,2014,REGULAR
15,R. Tannehill,MIA,60.5,19.4,730,73.8,44.2,7.0,-18.4,4.3,59.3,2014,REGULAR
16,C. Kaepernick,SF,58.1,20.8,668,74.2,30.3,20.4,-21.2,2.4,60.9,2014,REGULAR
17,C. Newton,CAR,56.2,12.7,609,56.6,17.9,23.4,-13.5,1.7,57.3,2014,REGULAR
18,M. Sanchez,PHI,55.3,8.0,374,34.0,23.2,0.8,-9.1,0.9,57.5,2014,REGULAR
19,A. Smith,KC,52.0,2.8,590,51.4,25.6,6.6,-18.5,0.8,51.7,2014,REGULAR
20,T. Bridgewater,MIN,51.6,6.4,509,50.3,23.2,8.3,-16.8,2.0,54.4,2014,REGULAR
21,J. Cutler,CHI,50.9,3.5,678,54.3,32.6,9.2,-13.0,-0.6,51.8,2014,REGULAR
22,A. Dalton,CIN,49.0,-2.5,590,45.8,30.0,5.5,-7.8,2.6,48.5,2014,REGULAR
23,G. Smith,NYJ,45.8,-5.5,477,36.0,22.5,-0.3,-12.6,1.2,45.9,2014,REGULAR
24,A. Davis,STL,44.8,-5.6,341,20.8,8.3,-1.0,-12.2,1.3,44.2,2014,REGULAR
25,M. Stafford,DET,44.7,-5.4,711,53.5,33.3,-1.9,-17.9,4.2,47.3,2014,REGULAR
26,K. Orton,BUF,44.5,-9.0,519,34.7,21.5,-0.5,-13.1,0.7,43.9,2014,REGULAR
27,D. Carr,OAK,42.1,-19.4,680,34.1,28.7,-2.4,-7.6,0.2,40.1,2014,REGULAR
28,B. Hoyer,CLE,38.7,-17.4,521,28.4,19.2,-3.8,-11.9,1.1,38.4,2014,REGULAR
29,J. McCown,TB,34.6,-14.0,404,20.9,0.2,5.8,-15.0,-0.2,38.0,2014,REGULAR
30,B. Bortles,JAX,28.0,-43.7,614,11.4,-24.9,14.3,-20.3,1.8,26.7,2014,REGULAR
1,T. Brady,NE,83.3,14.5,149,25.9,22.4,1.8,-1.6,0.1,79.9,2014,POST
2,J. Flacco,BAL,81.5,8.5,84,15.9,13.1,0.2,-0.7,2.0,80.8,2014,POST
3,A. Luck,IND,74.5,8.6,137,18.6,16.1,1.8,-0.4,0.3,70.8,2014,POST
4,R. Wilson,SEA,70.2,7.1,101,15.1,6.6,4.3,-4.2,0.0,73.1,2014,POST
5,A. Rodgers,GB,67.8,4.1,85,11.3,9.1,0.9,-0.8,0.6,66.5,2014,POST
6,T. Romo,DAL,60.5,1.2,68,7.3,-0.2,0.3,-5.4,1.8,56.4,2014,POST
7,P. Manning,DEN,40.9,-3.2,51,1.3,0.1,0.0,-0.6,0.6,29.0,2014,POST
8,A. Dalton,CIN,39.5,-3.9,45,0.2,-0.4,0.1,-0.6,-0.1,22.6,2014,POST
9,M. Stafford,DET,39.5,-1.5,49,2.9,1.1,1.2,-0.9,-0.2,39.4,2014,POST
10,C. Newton,CAR,39.4,-3.2,97,5.3,3.1,0.4,-0.9,0.9,38.6,2014,POST
11,B. Roethlisberger,PIT,32.2,-3.0,55,1.9,-0.1,0.0,-2.3,-0.3,31.9,2014,POST
12,R. Lindley,ARI,4.8,-6.8,32,-3.0,-4.3,0.0,-1.3,0.0,4.8,2014,POST
1,C. Palmer,ARI,76.4,52.7,613,95.9,77.0,0.7,-12.6,5.7,77.1,2015,REGULAR
2,B. Roethlisberger,PIT,72.8,34.9,550,77.5,60.5,1.3,-8.8,6.9,71.1,2015,REGULAR
3,A. Dalton,CIN,72.5,29.3,489,66.5,52.1,2.9,-8.7,2.7,70.0,2015,REGULAR
4,R. Wilson,SEA,68.6,33.4,656,78.6,51.0,10.8,-17.6,-0.9,67.3,2015,REGULAR
5,T. Brady,NE,68.4,38.6,726,89.8,64.2,5.5,-14.8,5.3,68.0,2015,REGULAR
6,K. Cousins,WSH,67.8,41.1,625,82.2,63.6,4.7,-10.9,3.0,71.7,2015,REGULAR
7,D. Brees,NO,66.8,43.8,715,93.6,77.9,1.7,-12.9,1.2,70.4,2015,REGULAR
8,T. Taylor,BUF,66.3,24.1,539,62.1,30.8,18.3,-13.8,-0.7,65.3,2015,REGULAR
9,M. Ryan,ATL,64.1,41.3,704,96.4,79.5,1.2,-12.9,2.7,69.6,2015,REGULAR
10,R. Fitzpatrick,NYJ,62.0,26.4,675,78.5,57.5,12.2,-6.6,2.2,63.5,2015,REGULAR
11,C. Newton,CAR,61.4,34.6,692,86.4,47.3,22.0,-15.5,1.6,67.0,2015,REGULAR
12,A. Smith,KC,61.1,15.2,631,61.2,21.1,21.9,-16.3,1.9,58.4,2015,REGULAR
13,J. Cutler,CHI,61.0,16.6,585,66.4,42.2,7.4,-13.1,3.7,59.9,2015,REGULAR
14,A. Rodgers,GB,60.0,21.7,736,78.1,30.9,17.6,-18.4,11.2,60.3,2015,REGULAR
15,M. Stafford,DET,58.3,17.1,705,69.7,42.8,7.6,-15.4,4.0,58.5,2015,REGULAR
16,E. Manning,NYG,57.9,21.4,707,77.8,61.9,-0.7,-11.2,5.4,60.5,2015,REGULAR
17,T. Bridgewater,MIN,57.7,12.3,576,58.5,24.0,10.3,-18.1,6.0,57.5,2015,REGULAR
18,P. Rivers,SD,57.3,12.8,787,74.8,51.5,-1.0,-18.1,6.2,55.7,2015,REGULAR
19,J. Winston,TB,57.2,21.2,662,65.5,38.4,13.1,-10.9,3.1,61.1,2015,REGULAR
20,B. Osweiler,DEN,54.9,2.8,331,29.6,16.5,2.5,-9.9,0.7,53.0,2015,REGULAR
21,J. McCown,CLE,52.9,0.3,374,32.7,18.9,0.9,-11.0,1.9,50.3,2015,REGULAR
22,B. Hoyer,HOU,52.8,7.5,432,35.7,23.7,2.9,-8.3,0.8,56.1,2015,REGULAR
23,A. Luck,IND,52.4,-0.6,358,25.3,13.0,7.2,-5.4,-0.4,49.4,2015,REGULAR
24,B. Bortles,JAX,51.4,3.8,734,62.0,25.8,10.7,-22.0,3.6,51.8,2015,REGULAR
25,J. Flacco,BAL,50.8,-0.4,459,40.3,30.4,1.1,-8.2,0.6,49.7,2015,REGULAR
26,M. Mariota,TEN,48.4,4.4,477,40.4,12.0,9.6,-15.1,3.7,53.3,2015,REGULAR
27,R. Tannehill,MIA,45.6,-7.4,710,45.5,27.3,1.0,-16.2,0.9,46.3,2015,REGULAR
28,P. Manning,DEN,44.2,-6.5,377,27.0,17.5,0.0,-7.4,2.1,43.9,2015,REGULAR
29,C. Kaepernick,SF,43.7,-6.4,337,18.5,0.4,8.2,-8.3,1.6,43.4,2015,REGULAR
30,D. Carr,OAK,43.1,-17.4,690,41.6,28.1,-0.6,-13.7,0.5,41.2,2015,REGULAR
31,S. Bradford,PHI,39.2,-14.1,625,38.2,27.5,-3.0,-10.0,3.7,42.1,2015,REGULAR
32,B. Gabbert,SF,37.6,-12.4,353,17.0,-3.4,8.9,-10.8,0.7,37.8,2015,REGULAR
33,N. Foles,STL,28.9,-26.1,393,8.7,3.0,-2.2,-6.4,1.5,28.1,2015,REGULAR
1,A. Rodgers,GB,74.6,5.1,92,12.8,10.5,1.0,-0.7,0.6,68.8,2015,POST
2,T. Brady,NE,70.7,3.2,112,12.8,8.2,2.9,-2.0,-0.3,59.9,2015,POST
3,A. Smith,KC,70.2,2.4,94,8.6,3.7,3.6,-1.1,0.3,59.1,2015,POST
4,K. Cousins,WSH,58.9,0.9,55,4.2,2.0,0.5,-2.2,-0.4,55.8,2015,POST
5,C. Newton,CAR,57.1,-0.2,132,8.7,2.0,3.4,-3.6,-0.3,49.4,2015,POST
6,B. Roethlisberger,PIT,51.3,-2.9,77,4.0,0.2,0.0,-3.5,0.2,36.9,2015,POST
7,R. Wilson,SEA,43.2,-4.3,90,2.7,-0.4,0.3,-2.3,0.5,33.8,2015,POST
8,C. Palmer,ARI,39.9,-4.8,93,3.0,1.1,0.0,-1.6,0.2,32.5,2015,POST
9,A. McCarron,CIN,33.8,-2.7,52,2.0,-0.3,0.2,-1.5,0.7,32.6,2015,POST
10,T. Bridgewater,MIN,32.3,-1.5,31,1.4,-1.6,0.7,-1.6,0.8,33.7,2015,POST
11,P. Manning,DEN,28.4,-8.9,112,1.4,-4.2,-0.3,-4.6,1.4,24.4,2015,POST
12,B. Hoyer,HOU,5.7,-8.2,38,-3.2,-5.1,0.0,-1.6,0.3,4.5,2015,POST
1,M. Ryan,ATL,79.6,61.8,647,110.9,83.1,7.6,-15.5,4.6,79.4,2016,REGULAR
2,T. Brady,NE,79.4,47.8,508,83.3,71.5,3.8,-5.3,2.7,79.1,2016,REGULAR
3,D. Prescott,DAL,77.6,53.1,572,102.5,71.1,18.8,-10.5,2.1,78.8,2016,REGULAR
4,A. Rodgers,GB,72.4,54.9,750,115.0,75.9,18.3,-14.5,6.2,73.8,2016,REGULAR
5,D. Brees,NO,66.8,33.6,760,96.5,84.4,1.6,-10.1,0.4,65.1,2016,REGULAR
6,K. Cousins,WSH,66.5,33.4,706,97.8,78.8,3.8,-12.1,3.1,66.1,2016,REGULAR
7,A. Luck,IND,65.9,32.7,702,91.4,56.6,10.9,-18.5,5.3,65.9,2016,REGULAR
8,M. Stafford,DET,65.2,34.6,715,98.4,61.5,16.0,-14.7,6.3,66.5,2016,REGULAR
9,T. Taylor,BUF,62.4,20.0,608,71.5,31.5,20.9,-15.7,3.4,61.4,2016,REGULAR
10,A. Smith,KC,60.8,13.7,600,62.7,44.7,6.6,-9.1,2.3,58.0,2016,REGULAR
11,B. Roethlisberger,PIT,60.5,19.5,576,64.7,53.7,1.9,-6.8,2.3,61.8,2016,REGULAR
12,J. Winston,TB,59.5,19.6,703,80.6,61.4,5.8,-13.8,-0.5,59.7,2016,REGULAR
13,M. Mariota,TEN,59.1,15.5,574,64.7,42.9,7.3,-9.5,5.0,59.4,2016,REGULAR
14,P. Rivers,SD,58.7,14.6,682,74.9,55.3,1.2,-13.5,4.9,57.5,2016,REGULAR
15,R. Wilson,SEA,57.1,13.5,699,75.7,47.4,5.8,-18.1,4.3,56.8,2016,REGULAR
16,D. Carr,OAK,56.1,8.8,672,72.3,58.9,-0.6,-6.1,7.9,54.6,2016,REGULAR
17,S. Bradford,MIN,53.1,13.4,644,64.6,45.8,3.1,-14.6,1.1,57.3,2016,REGULAR
18,C. Palmer,ARI,52.9,8.8,700,68.3,46.0,0.8,-15.9,5.6,54.5,2016,REGULAR
19,J. Flacco,BAL,52.5,5.7,753,74.7,53.1,4.8,-16.4,0.4,52.7,2016,REGULAR
20,A. Dalton,CIN,52.3,1.6,686,61.8,37.9,5.2,-15.2,3.6,50.8,2016,REGULAR
21,T. Siemian,DEN,49.7,-2.7,586,50.5,31.0,0.9,-15.1,3.5,48.4,2016,REGULAR
22,B. Osweiler,HOU,49.3,-0.8,583,49.0,23.9,9.6,-11.4,4.2,49.5,2016,REGULAR
23,C. Kaepernick,SF,49.2,-0.7,454,37.1,-0.3,22.8,-14.7,-0.1,49.5,2016,REGULAR
24,R. Tannehill,MIA,48.6,-0.8,476,40.1,25.4,3.7,-10.3,0.7,49.4,2016,REGULAR
25,C. Newton,CAR,47.1,-3.8,669,53.4,24.4,6.2,-17.4,5.4,48.0,2016,REGULAR
26,C. Wentz,PHI,46.7,-1.3,734,65.0,47.9,2.8,-12.1,2.2,49.4,2016,REGULAR
27,E. Manning,NYG,45.7,-1.3,660,62.0,49.7,0.4,-10.8,1.2,49.3,2016,REGULAR
28,B. Bortles,JAX,43.0,-15.9,773,52.0,18.7,13.4,-13.9,6.0,42.8,2016,REGULAR
29,R. Fitzpatrick,NYJ,39.2,-16.8,481,27.5,14.4,3.2,-7.0,2.9,37.9,2016,REGULAR
30,C. Keenum,LAR,37.5,-14.5,388,22.6,10.2,0.1,-11.0,1.2,37.1,2016,REGULAR
1,M. Ryan,ATL,90.5,19.4,117,23.6,18.3,1.9,-3.1,0.2,91.2,2016,POST
2,A. Rodgers,GB,83.2,15.3,151,23.1,17.1,1.3,-3.4,1.3,80.7,2016,POST
3,T. Brady,NE,75.8,11.9,161,22.3,16.5,0.6,-3.6,1.7,73.9,2016,POST
4,D. Prescott,DAL,73.6,4.2,45,8.0,4.6,2.0,-0.8,0.7,79.1,2016,POST
5,R. Wilson,SEA,60.3,3.6,73,8.7,4.3,1.1,-3.3,0.0,67.0,2016,POST
6,B. Roethlisberger,PIT,58.7,0.0,108,8.6,7.3,0.0,-1.0,0.4,49.9,2016,POST
7,E. Manning,NYG,46.9,-0.3,49,3.6,3.0,0.2,-0.6,-0.2,47.6,2016,POST
8,M. Moore,MIA,44.9,-2.0,45,1.3,1.1,-0.5,-0.7,0.0,34.4,2016,POST
9,M. Stafford,DET,44.1,-1.1,42,2.6,3.0,-1.1,-0.5,0.2,40.6,2016,POST
10,B. Osweiler,HOU,40.6,-2.9,78,4.3,0.6,2.1,-1.2,0.4,37.3,2016,POST
11,A. Smith,KC,31.4,-2.8,42,1.5,0.9,-0.2,-0.7,0.1,28.1,2016,POST
12,C. Cook,OAK,6.5,-11.1,51,-3.8,-5.4,0.0,-1.5,0.1,4.4,2016,POST
1,C. Wentz,PHI,78.6,48.8,567,85.8,70.3,10.1,-11.4,5.4,77.2,2017,REGULAR
2,C. Keenum,MIN,73.3,44.4,577,86.3,68.0,10.3,-10.7,8.0,74.8,2017,REGULAR
3,T. Brady,NE,71.1,50.2,689,97.5,90.3,-3.1,-15.2,10.3,73.7,2017,REGULAR
4,D. Prescott,DAL,70.0,36.6,622,79.7,49.4,24.4,-11.7,5.9,69.7,2017,REGULAR
5,B. Roethlisberger,PIT,67.2,31.6,639,83.4,72.4,2.6,-9.9,8.4,66.8,2017,REGULAR
6,M. Ryan,ATL,66.7,32.5,612,80.8,70.8,6.1,-10.7,3.8,68.0,2017,REGULAR
7,A. Smith,KC,65.6,32.9,642,85.1,68.8,13.7,-15.3,2.5,67.4,2017,REGULAR
8,M. Stafford,DET,65.3,30.8,678,81.6,71.3,6.3,-20.0,4.0,65.5,2017,REGULAR
9,D. Brees,NO,63.1,26.4,596,68.5,67.0,1.0,-9.5,0.6,65.2,2017,REGULAR
10,R. Wilson,SEA,62.4,25.7,724,83.6,57.5,23.8,-18.8,2.3,62.3,2017,REGULAR
11,P. Rivers,LAC,61.3,27.3,654,78.0,74.7,-1.3,-6.4,4.6,64.4,2017,REGULAR
12,B. Bortles,JAX,59.3,16.5,636,62.2,45.1,12.9,-10.5,4.3,59.1,2017,REGULAR
13,M. Mariota,TEN,59.0,14.9,574,63.1,37.6,19.6,-11.4,6.0,59.1,2017,REGULAR
14,J. McCown,NYJ,56.6,15.2,487,53.6,39.7,12.4,-15.7,1.5,60.8,2017,REGULAR
15,J. Goff,LAR,56.3,4.6,571,49.1,44.3,-0.5,-9.3,5.3,52.8,2017,REGULAR
16,T. Taylor,BUF,56.2,15.7,561,56.8,34.3,20.4,-18.7,2.1,59.8,2017,REGULAR
17,K. Cousins,WSH,56.2,8.5,655,60.0,51.9,5.5,-18.8,2.6,54.6,2017,REGULAR
18,C. Newton,CAR,52.7,9.6,698,66.2,40.3,21.6,-15.7,4.3,54.8,2017,REGULAR
19,J. Winston,TB,52.1,6.6,542,50.2,47.1,0.5,-12.7,2.6,54.3,2017,REGULAR
20,D. Carr,OAK,50.4,1.5,597,45.1,42.8,-2.3,-7.4,4.7,50.9,2017,REGULAR
21,C. Palmer,ARI,50.1,2.2,321,26.0,23.0,0.3,-8.6,2.7,52.5,2017,REGULAR
22,E. Manning,NYG,47.6,-8.2,662,44.8,39.3,2.4,-15.1,3.1,45.6,2017,REGULAR
23,J. Flacco,BAL,47.1,0.1,624,48.6,46.0,-0.3,-12.0,3.0,50.0,2017,REGULAR
24,B. Hundley,GB,45.6,-5.7,398,25.7,11.3,13.6,-12.6,0.8,45.0,2017,REGULAR
25,A. Dalton,CIN,44.6,-7.6,592,40.6,33.7,2.0,-17.6,4.9,45.5,2017,REGULAR
26,J. Brissett,IND,44.0,-13.7,613,37.0,27.2,6.0,-17.9,3.8,42.2,2017,REGULAR
27,J. Cutler,MIA,43.5,-6.1,486,30.6,26.7,1.2,-7.9,2.7,45.6,2017,REGULAR
28,M. Trubisky,CHI,33.3,-22.6,438,14.1,11.7,1.2,-12.6,1.2,32.5,2017,REGULAR
29,D. Kizer,CLE,32.4,-38.3,623,15.0,-1.5,13.8,-15.0,2.7,29.5,2017,REGULAR
30,T. Siemian,DEN,31.4,-21.1,436,14.2,8.0,3.9,-11.3,2.3,33.5,2017,REGULAR
1,T. Brady,NE,85.9,16.2,151,25.6,24.0,-0.1,-1.7,1.8,82.0,2017,POST
2,N. Foles,PHI,83.9,14.7,118,23.7,25.5,-3.2,-1.4,1.4,85.4,2017,POST
3,D. Brees,NO,81.9,6.8,78,12.7,12.5,0.1,-1.2,0.1,77.5,2017,POST
4,C. Newton,CAR,76.6,3.8,54,8.1,5.5,1.8,-2.3,0.9,73.0,2017,POST
5,B. Bortles,JAX,72.4,7.8,104,16.6,9.9,6.9,-2.0,-0.3,74.3,2017,POST
6,B. Roethlisberger,PIT,67.5,1.3,62,4.5,4.2,0.3,-0.4,0.0,57.1,2017,POST
7,M. Ryan,ATL,59.5,-0.4,78,6.6,6.2,-0.2,-2.5,0.6,48.3,2017,POST
8,C. Keenum,MIN,58.6,1.4,99,7.5,6.4,-0.2,-1.3,1.3,54.9,2017,POST
9,M. Mariota,TEN,53.0,2.0,96,7.8,2.3,5.9,-3.0,-0.4,57.4,2017,POST
10,A. Smith,KC,51.7,0.0,44,3.7,4.6,-1.1,-1.1,0.2,49.8,2017,POST
11,T. Taylor,BUF,48.7,-2.6,48,1.7,-0.6,1.6,-1.3,0.7,31.5,2017,POST
12,J. Goff,LAR,36.0,-1.3,52,2.8,2.6,0.0,-1.9,0.3,41.3,2017,POST
1,P. Mahomes,KC,80.3,72.2,722,126.0,101.0,11.7,-10.2,3.2,80.4,2018,REGULAR
2,D. Brees,NO,79.2,56.1,562,100.5,80.2,5.4,-8.7,6.2,80.4,2018,REGULAR
3,M. Trubisky,CHI,71.0,35.3,565,80.3,43.1,22.1,-11.3,3.8,70.8,2018,REGULAR
4,B. Roethlisberger,PIT,69.6,48.2,762,113.5,89.3,8.7,-10.4,5.1,71.0,2018,REGULAR
5,A. Luck,IND,69.6,42.9,741,103.0,84.4,5.0,-9.3,4.3,69.4,2018,REGULAR
6,T. Brady,NE,68.4,31.4,643,82.6,63.6,4.4,-9.9,4.7,66.6,2018,REGULAR
7,P. Rivers,LAC,67.8,33.9,595,79.1,65.8,-0.9,-12.8,1.3,69.1,2018,REGULAR
8,J. Winston,TB,66.2,28.6,485,65.6,37.8,10.8,-11.6,5.4,69.7,2018,REGULAR
9,M. Ryan,ATL,65.7,39.7,722,92.9,60.2,7.4,-20.4,4.9,68.5,2018,REGULAR
10,J. Goff,LAR,63.6,25.2,665,79.9,60.8,0.6,-14.0,4.4,63.1,2018,REGULAR
11,R. Wilson,SEA,63.3,21.1,571,69.0,32.0,11.0,-23.5,2.6,62.8,2018,REGULAR
12,C. Wentz,PHI,62.0,17.8,488,58.5,39.8,1.8,-13.8,3.1,62.6,2018,REGULAR
13,D. Watson,HOU,61.8,21.5,702,79.5,31.8,17.0,-26.8,3.8,60.7,2018,REGULAR
14,K. Cousins,MIN,59.5,16.8,718,71.8,57.3,-5.1,-17.5,2.2,58.2,2018,REGULAR
15,A. Dalton,CIN,59.4,15.4,433,50.6,35.4,2.0,-9.8,3.4,62.3,2018,REGULAR
16,A. Rodgers,GB,58.0,9.1,737,70.0,25.1,17.8,-23.9,3.2,54.4,2018,REGULAR
17,D. Prescott,DAL,55.2,12.2,693,71.7,35.1,12.2,-22.3,2.1,56.2,2018,REGULAR
18,J. Flacco,BAL,54.8,7.9,441,43.4,30.1,2.9,-5.8,4.6,56.3,2018,REGULAR
19,C. Newton,CAR,53.2,8.9,629,62.6,41.7,8.4,-12.5,0.0,55.0,2018,REGULAR
19,M. Mariota,TEN,53.2,0.8,471,42.2,14.6,6.7,-16.1,4.8,50.6,2018,REGULAR
21,N. Mullens,SF,51.7,3.6,334,29.0,23.6,-2.8,-6.4,1.8,53.8,2018,REGULAR
22,M. Stafford,DET,51.3,-2.8,647,49.2,25.8,4.2,-15.0,4.2,48.4,2018,REGULAR
23,B. Mayfield,CLE,51.2,5.3,580,51.5,34.8,0.9,-12.2,3.6,53.2,2018,REGULAR
24,J. Allen,BUF,49.8,-0.3,461,35.6,-1.8,24.1,-9.7,3.5,49.8,2018,REGULAR
25,E. Manning,NYG,49.1,-2.5,684,54.8,30.2,2.0,-20.2,2.4,48.7,2018,REGULAR
26,A. Smith,WSH,46.9,1.6,422,35.0,17.8,5.5,-8.8,2.9,51.4,2018,REGULAR
27,D. Carr,OAK,46.5,-5.9,669,50.8,27.3,2.5,-20.9,0.2,46.9,2018,REGULAR
28,S. Darnold,NYJ,45.9,-6.6,510,36.6,23.5,3.3,-10.9,-1.1,45.5,2018,REGULAR
29,C. Keenum,DEN,44.5,-8.8,685,50.6,26.9,4.2,-16.0,3.5,45.5,2018,REGULAR
30,B. Bortles,JAX,43.4,-12.2,515,30.5,9.3,11.6,-11.2,-1.6,41.7,2018,REGULAR
31,L. Jackson,BAL,42.6,-3.6,338,27.7,6.6,13.8,-6.8,0.4,46.3,2018,REGULAR
32,R. Tannehill,MIA,33.2,-20.6,363,13.4,-6.3,3.6,-15.3,0.8,31.0,2018,REGULAR
33,J. Rosen,ARI,24.1,-38.7,491,7.9,-13.6,3.3,-17.0,1.2,24.7,2018,REGULAR
1,D. Prescott,DAL,76.5,6.7,80,13.0,7.0,3.9,-1.0,1.1,76.7,2018,POST
2,P. Rivers,LAC,74.0,5.4,101,9.2,7.6,0.9,-0.6,0.1,68.0,2018,POST
3,R. Wilson,SEA,72.4,1.7,32,4.4,2.8,1.0,-0.6,-0.1,67.9,2018,POST
4,N. Foles,PHI,70.0,3.1,78,10.6,8.8,0.2,-0.7,0.9,63.7,2018,POST
5,P. Mahomes,KC,67.3,5.5,97,12.3,4.5,2.4,-3.3,2.0,68.9,2018,POST
6,T. Brady,NE,66.9,5.9,132,16.2,14.8,0.0,-0.5,0.9,65.2,2018,POST
7,D. Brees,NO,57.6,2.7,89,11.1,8.6,-0.1,-1.6,0.9,60.7,2018,POST
8,A. Luck,IND,53.9,0.2,86,5.1,2.7,0.7,-1.4,0.3,50.8,2018,POST
9,M. Trubisky,CHI,46.9,-0.4,48,4.3,4.9,-1.4,-0.8,0.0,47.0,2018,POST
10,J. Goff,LAR,41.4,-2.4,122,9.1,5.3,1.1,-2.7,0.0,43.1,2018,POST
11,D. Watson,HOU,18.1,-5.5,61,0.3,-2.1,1.7,-0.7,-0.1,21.7,2018,POST
12,L. Jackson,BAL,10.4,-7.3,44,-2.0,-2.7,-1.2,-1.9,-0.1,8.7,2018,POST
1,L. Jackson,BAL,83.0,66.7,613,103.7,55.0,39.1,-7.4,2.2,82.3,2019,REGULAR
2,P. Mahomes,KC,77.7,55.8,585,97.3,71.6,14.3,-6.5,5.0,79.4,2019,REGULAR
3,D. Brees,NO,73.3,33.7,419,62.6,53.1,1.6,-6.0,1.9,75.7,2019,REGULAR
4,D. Prescott,DAL,71.9,48.1,690,93.1,70.7,10.0,-9.7,2.6,72.8,2019,REGULAR
5,R. Wilson,SEA,71.5,43.0,674,90.9,58.3,10.6,-20.6,1.5,71.2,2019,REGULAR
6,M. Stafford,DET,71.3,27.0,353,56.1,44.5,1.6,-8.0,1.9,74.7,2019,REGULAR
7,D. Watson,HOU,70.5,42.3,662,91.6,52.0,19.8,-18.5,1.4,71.2,2019,REGULAR
8,R. Fitzpatrick,MIA,68.3,30.2,620,70.7,47.6,6.3,-13.1,3.7,66.6,2019,REGULAR
9,R. Tannehill,TEN,64.2,19.0,374,45.8,18.1,11.7,-13.7,2.3,67.2,2019,REGULAR
10,D. Carr,OAK,64.1,27.3,598,70.3,54.2,2.7,-12.3,1.1,65.6,2019,REGULAR
11,C. Wentz,PHI,62.8,32.2,745,90.5,61.5,7.7,-15.5,5.8,64.8,2019,REGULAR
12,J. Garoppolo,SF,60.8,20.8,593,69.3,48.5,-0.2,-15.9,5.0,62.1,2019,REGULAR
13,K. Cousins,MIN,60.4,18.1,537,59.0,44.6,-1.6,-10.9,5.1,61.7,2019,REGULAR
14,M. Ryan,ATL,59.6,22.3,748,75.1,45.4,5.4,-18.6,5.7,60.4,2019,REGULAR
15,K. Murray,ARI,57.7,16.2,709,71.6,37.3,13.4,-17.8,3.0,58.0,2019,REGULAR
16,J. Winston,TB,55.7,20.1,772,78.4,48.7,9.0,-18.3,2.6,59.1,2019,REGULAR
17,T. Brady,NE,55.7,8.9,691,61.0,40.0,4.5,-11.0,5.4,54.5,2019,REGULAR
18,D. Jones,NYG,55.7,11.5,577,55.1,22.2,11.6,-17.4,4.0,57.0,2019,REGULAR
19,B. Mayfield,CLE,54.4,2.3,664,54.4,22.4,9.5,-17.6,5.0,51.2,2019,REGULAR
20,A. Rodgers,GB,52.5,10.9,691,66.4,39.7,9.3,-16.4,1.1,55.6,2019,REGULAR
21,J. Brissett,IND,52.1,6.6,564,52.2,27.9,6.7,-11.2,6.4,54.1,2019,REGULAR
22,J. Goff,LAR,50.6,0.5,734,57.5,54.4,-7.3,-8.8,1.6,50.2,2019,REGULAR
23,P. Rivers,LAC,50.5,1.5,691,57.1,39.7,-3.4,-16.7,4.1,50.8,2019,REGULAR
24,J. Allen,BUF,49.4,-3.8,639,51.4,21.1,10.4,-17.4,2.6,47.9,2019,REGULAR
25,S. Darnold,NYJ,45.6,-9.7,525,31.6,17.4,-3.0,-13.7,3.6,43.5,2019,REGULAR
26,G. Minshew,JAX,44.6,-4.7,600,41.8,21.5,5.4,-13.5,1.4,47.2,2019,REGULAR
27,A. Dalton,CIN,42.1,-20.1,632,30.3,12.8,1.6,-12.9,3.0,38.9,2019,REGULAR
28,M. Trubisky,CHI,41.5,-13.5,644,39.8,17.7,1.7,-16.5,3.9,42.6,2019,REGULAR
29,K. Allen,CAR,38.3,-17.4,588,28.0,5.3,0.7,-19.9,2.1,39.7,2019,REGULAR
30,M. Rudolph,PIT,36.2,-12.9,336,16.9,7.2,-1.3,-7.8,3.2,36.8,2019,REGULAR
1,R. Wilson,SEA,89.8,11.1,87,17.2,10.3,5.0,-2.2,-0.3,85.9,2019,POST
2,P. Mahomes,KC,89.1,22.4,148,32.6,20.9,6.5,-2.0,3.2,89.5,2019,POST
3,D. Watson,HOU,71.2,4.1,111,10.5,6.8,-0.9,-4.5,0.1,62.7,2019,POST
4,R. Tannehill,TEN,68.6,2.1,86,8.3,4.6,-0.1,-2.1,1.7,58.6,2019,POST
5,K. Cousins,MIN,67.5,3.0,73,8.2,5.6,-0.1,-2.3,0.4,64.3,2019,POST
6,A. Rodgers,GB,63.1,2.7,80,6.7,3.9,-0.4,-2.3,0.9,61.6,2019,POST
7,D. Brees,NO,49.3,0.4,38,3.9,1.7,0.2,-2.0,-0.1,53.9,2019,POST
8,J. Garoppolo,SF,45.8,-1.3,73,4.9,2.8,-0.3,-2.3,0.1,43.8,2019,POST
9,J. Allen,BUF,42.5,-1.1,60,4.2,0.4,2.3,-1.9,-0.3,43.6,2019,POST
10,T. Brady,NE,40.8,-0.6,38,2.8,2.6,0.0,0.0,0.2,44.2,2019,POST
11,L. Jackson,BAL,30.4,-4.2,86,2.4,0.8,2.1,-0.9,-1.5,33.4,2019,POST
12,J. McCown,PHI,25.5,-2.8,42,1.1,-2.1,-0.6,-2.5,1.3,28.3,2019,POST
1,A. Rodgers,GB,79.8,64.4,608,113.1,98.4,9.3,-7.0,5.4,81.7,2020,REGULAR
2,P. Mahomes,KC,78.1,70.9,710,138.1,116.1,19.1,-9.4,2.9,80.4,2020,REGULAR
3,J. Allen,BUF,76.6,63.2,729,128.6,112.1,13.0,-11.0,3.5,77.3,2020,REGULAR
4,R. Tannehill,TEN,72.6,43.9,594,95.3,68.2,22.1,-11.2,5.0,74.0,2020,REGULAR
5,R. Fitzpatrick,MIA,70.9,22.5,324,49.9,41.6,5.6,-5.1,2.7,72.8,2020,REGULAR
6,D. Brees,NO,68.3,27.1,428,66.2,62.5,1.0,-6.2,2.8,71.0,2020,REGULAR
7,L. Jackson,BAL,67.3,31.9,585,82.9,50.9,30.8,-8.9,1.2,68.4,2020,REGULAR
8,R. Wilson,SEA,67.1,32.7,716,102.9,88.6,9.1,-20.7,5.1,65.6,2020,REGULAR
9,T. Brady,TB,66.0,34.3,681,94.7,90.4,-3.1,-8.6,7.3,67.1,2020,REGULAR
10,B. Mayfield,CLE,65.5,26.1,597,83.6,76.9,3.3,-10.6,3.4,65.0,2020,REGULAR
11,D. Carr,LV,64.3,28.8,609,91.1,76.1,7.4,-10.7,7.6,66.2,2020,REGULAR
12,D. Watson,HOU,63.7,31.9,715,99.6,85.9,12.0,-19.5,1.7,65.3,2020,REGULAR
13,J. Herbert,LAC,62.6,36.4,699,102.3,94.9,3.7,-13.3,3.7,67.6,2020,REGULAR
14,K. Murray,ARI,61.9,24.7,763,99.9,64.5,32.3,-11.8,3.1,61.3,2020,REGULAR
15,M. Stafford,DET,61.3,20.7,626,77.3,64.7,9.0,-14.1,3.7,61.5,2020,REGULAR
16,M. Ryan,ATL,59.8,23.6,731,90.1,80.6,4.7,-17.4,4.9,61.2,2020,REGULAR
17,T. Bridgewater,CAR,56.8,12.0,607,71.7,54.8,12.3,-12.6,4.6,57.0,2020,REGULAR
18,K. Cousins,MIN,55.8,15.7,629,76.9,67.6,6.4,-18.2,2.9,58.7,2020,REGULAR
19,P. Rivers,IND,55.0,13.7,600,73.4,68.1,-0.1,-8.2,5.5,58.0,2020,REGULAR
20,D. Jones,NYG,54.0,-1.0,586,57.6,42.7,10.0,-16.9,4.8,49.4,2020,REGULAR
21,M. Trubisky,CHI,53.8,7.6,376,41.0,32.3,7.2,-7.5,1.5,57.1,2020,REGULAR
22,B. Roethlisberger,PIT,52.5,6.4,677,76.0,71.6,-5.1,-6.4,9.4,53.3,2020,REGULAR
23,J. Goff,LAR,50.8,-1.6,650,64.0,56.8,2.8,-11.0,4.4,49.2,2020,REGULAR
24,J. Burrow,CIN,48.5,-4.6,510,47.8,46.9,-0.5,-13.3,1.5,46.8,2020,REGULAR
25,A. Dalton,DAL,46.1,-8.9,409,30.9,26.2,2.5,-12.1,2.2,42.3,2020,REGULAR
26,T. Tagovailoa,MIA,44.8,-2.1,362,32.4,24.6,6.6,-8.9,1.3,47.9,2020,REGULAR
27,G. Minshew,JAX,44.0,-2.0,403,31.9,24.9,5.1,-12.3,1.9,48.2,2020,REGULAR
28,C. Wentz,PHI,41.9,-21.6,581,39.4,21.5,10.8,-21.8,7.1,37.1,2020,REGULAR
29,D. Lock,DEN,41.2,-5.1,523,44.8,35.9,5.5,-7.8,3.4,46.6,2020,REGULAR
30,C. Newton,NE,39.4,-14.1,538,42.9,28.2,14.1,-13.7,0.7,40.9,2020,REGULAR
31,N. Mullens,SF,36.3,-21.0,379,17.2,16.1,-0.2,-8.6,1.4,31.3,2020,REGULAR
32,N. Foles,CHI,36.0,-14.6,359,22.3,21.2,-1.7,-8.7,2.7,36.0,2020,REGULAR
33,S. Darnold,NYJ,32.9,-22.6,455,24.3,8.7,12.8,-15.5,2.7,33.1,2020,REGULAR
1,P. Rivers,IND,88.7,5.9,47,10.7,10.7,0.0,0.0,0.0,85.4,2020,POST
2,P. Mahomes,KC,75.3,10.3,135,19.3,15.6,3.4,-0.7,0.3,74.7,2020,POST
3,A. Rodgers,GB,75.2,6.4,93,15.9,14.7,1.1,-2.0,0.2,72.6,2020,POST
4,T. Brady,TB,74.2,8.0,157,24.5,22.5,0.7,-2.9,1.3,67.3,2020,POST
5,B. Mayfield,CLE,71.1,3.7,81,9.5,8.0,1.4,-0.6,0.0,65.7,2020,POST
6,L. Jackson,BAL,65.7,3.5,82,12.7,3.9,8.2,-2.8,0.6,64.7,2020,POST
7,R. Tannehill,TEN,65.5,0.9,30,4.3,3.9,0.4,-0.6,-0.1,60.4,2020,POST
8,J. Goff,LAR,64.8,0.6,60,6.5,6.1,0.4,-3.0,0.1,53.6,2020,POST
9,J. Allen,BUF,61.7,4.7,154,19.0,13.2,5.5,-3.9,0.3,60.7,2020,POST
10,B. Roethlisberger,PIT,59.2,2.4,73,4.7,4.8,0.0,0.0,-0.1,61.2,2020,POST
11,T. Heinicke,WSH,57.0,1.2,54,6.8,2.5,4.1,-0.6,0.2,57.8,2020,POST
12,D. Brees,NO,37.5,-2.7,89,6.7,7.7,-1.8,0.0,0.8,39.3,2020,POST
13,R. Wilson,SEA,12.7,-6.5,40,-1.5,-2.3,1.1,-1.5,-0.4,9.0,2020,POST
14,M. Trubisky,CHI,9.7,-6.2,34,-1.6,0.3,-1.8,-0.6,-0.1,7.1,2020,POST
1,A. Rodgers,GB,74.1,43.3,610,95.8,85.1,5.2,-12.6,5.4,73.2,2021,REGULAR
2,T. Brady,TB,73.1,53.8,798,118.5,109.8,4.9,-8.7,3.8,72.2,2021,REGULAR
3,J. Herbert,LAC,70.9,53.8,808,120.3,100.5,14.9,-12.9,4.9,71.9,2021,REGULAR
4,M. Stafford,LAR,69.2,40.1,686,92.7,88.3,2.7,-13.1,1.7,69.6,2021,REGULAR
5,P. Mahomes,KC,67.7,43.9,803,108.3,85.5,18.1,-9.0,4.7,68.4,2021,REGULAR
6,J. Allen,BUF,66.3,42.4,828,110.8,80.9,29.5,-10.5,0.3,67.4,2021,REGULAR
7,K. Murray,ARI,63.2,21.0,632,74.1,61.6,10.4,-13.3,2.1,61.5,2021,REGULAR
8,R. Tannehill,TEN,61.8,22.5,680,80.8,59.5,16.8,-17.5,4.5,61.5,2021,REGULAR
9,C. Wentz,IND,60.6,19.5,648,74.3,58.3,9.6,-15.7,6.3,60.5,2021,REGULAR
10,R. Wilson,SEA,60.6,12.1,500,55.4,45.0,7.8,-15.2,2.6,58.5,2021,REGULAR
11,D. Prescott,DAL,60.5,27.5,721,85.8,90.2,-7.7,-10.7,3.4,63.2,2021,REGULAR
12,J. Burrow,CIN,60.2,25.1,642,79.4,68.1,9.6,-22.9,1.7,63.5,2021,REGULAR
13,J. Garoppolo,SF,59.2,12.0,530,57.8,56.6,-0.7,-11.7,1.9,58.0,2021,REGULAR
14,D. Carr,LV,58.4,21.0,747,83.9,72.1,3.6,-14.8,8.2,59.8,2021,REGULAR
15,K. Cousins,MIN,58.3,14.3,650,74.0,73.0,0.4,-13.3,0.5,57.7,2021,REGULAR
16,M. Jones,NE,56.9,11.4,631,62.9,60.6,-0.4,-13.8,2.7,56.4,2021,REGULAR
17,L. Jackson,BAL,56.8,11.1,574,62.7,43.7,18.2,-13.0,0.9,56.8,2021,REGULAR
18,T. Tagovailoa,MIA,55.7,9.6,471,51.8,46.8,4.3,-9.4,0.7,57.2,2021,REGULAR
19,J. Hurts,PHI,54.6,14.9,622,65.7,36.4,28.1,-10.9,1.2,58.4,2021,REGULAR
20,T. Bridgewater,DEN,53.4,10.1,519,52.5,43.5,5.7,-13.3,3.3,56.8,2021,REGULAR
21,M. Ryan,ATL,52.2,6.0,684,64.9,68.3,-6.4,-16.3,3.1,53.1,2021,REGULAR
22,D. Jones,NYG,47.5,0.7,472,41.7,32.1,5.4,-8.1,4.2,50.5,2021,REGULAR
23,T. Heinicke,WSH,45.8,-4.5,624,50.9,39.8,7.4,-15.0,3.6,47.4,2021,REGULAR
24,J. Goff,DET,45.5,-11.1,587,37.4,41.6,-4.6,-16.8,0.4,43.4,2021,REGULAR
25,B. Roethlisberger,PIT,41.3,-19.2,705,42.5,35.9,2.2,-13.9,4.4,40.5,2021,REGULAR
26,D. Mills,HOU,41.2,-12.9,471,25.9,23.5,-1.0,-12.0,3.4,40.5,2021,REGULAR
27,B. Mayfield,CLE,40.9,-14.2,529,34.4,26.9,5.5,-20.8,2.0,40.6,2021,REGULAR
28,T. Lawrence,JAX,39.1,-27.1,758,37.9,32.3,4.1,-11.7,1.5,37.6,2021,REGULAR
29,S. Darnold,CAR,38.8,-17.8,508,27.2,20.0,6.8,-12.4,0.4,37.9,2021,REGULAR
30,Z. Wilson,NYJ,33.4,-24.4,472,17.9,7.3,5.5,-18.5,5.1,32.5,2021,REGULAR
31,J. Fields,CHI,31.4,-22.4,397,13.7,6.5,5.1,-15.3,2.1,31.0,2021,REGULAR
1,J. Allen,BUF,95.5,18.5,83,23.8,17.1,6.9,-0.9,-0.1,95.9,2021,POST
2,P. Mahomes,KC,82.6,14.8,150,27.8,20.2,7.2,-3.5,0.4,80.2,2021,POST
3,M. Stafford,LAR,71.4,11.1,171,24.9,23.1,1.5,-2.7,0.3,71.4,2021,POST
4,M. Jones,NE,60.0,-1.0,46,1.8,0.1,1.5,-0.6,0.2,42.5,2021,POST
5,J. Garoppolo,SF,57.8,-0.5,92,8.1,7.6,0.0,-2.0,0.5,48.0,2021,POST
6,J. Burrow,CIN,51.0,-0.6,177,16.3,11.1,5.5,-8.7,-0.3,48.8,2021,POST
7,D. Carr,LV,46.4,-1.5,62,4.3,2.3,1.3,-1.7,0.8,41.8,2021,POST
8,D. Prescott,DAL,32.4,-2.7,56,2.6,1.1,2.0,-1.9,-0.6,33.8,2021,POST
9,T. Brady,TB,30.4,-6.3,100,2.6,3.7,0.0,-2.2,-1.1,29.1,2021,POST
10,J. Hurts,PHI,24.0,-4.7,55,0.4,0.3,0.2,-0.5,0.0,22.9,2021,POST
11,A. Rodgers,GB,22.6,-3.0,36,0.5,0.7,0.0,-1.9,-0.2,23.8,2021,POST
12,B. Roethlisberger,PIT,15.7,-5.2,49,-0.2,0.3,-0.4,-0.8,-0.1,18.1,2021,POST
13,R. Tannehill,TEN,12.8,-3.8,29,-0.9,0.3,-1.1,-0.5,-0.1,13.8,2021,POST
14,K. Murray,ARI,9.9,-8.1,42,-2.4,-2.6,0.3,-0.9,-0.1,6.0,2021,POST
1,P. Mahomes,KC,79.0,71.4,763,132.8,106.5,24.9,-10.7,1.5,79.0,2022,REGULAR
2,J. Allen,BUF,73.4,60.0,746,120.1,74.1,43.9,-12.1,2.2,75.7,2022,REGULAR
3,T. Tagovailoa,MIA,70.6,27.5,456,63.5,57.4,3.4,-8.9,2.8,70.1,2022,REGULAR
4,J. Hurts,PHI,68.3,42.8,683,95.7,54.7,38.7,-13.9,2.3,70.8,2022,REGULAR
5,J. Goff,DET,63.3,28.8,668,78.5,79.1,-3.9,-9.9,3.2,64.8,2022,REGULAR
6,D. Jones,NYG,62.9,27.5,665,81.1,53.0,26.8,-15.4,1.3,64.2,2022,REGULAR
7,G. Smith,SEA,62.8,30.5,725,89.7,76.1,11.5,-18.9,2.0,64.5,2022,REGULAR
8,J. Brissett,CLE,62.0,15.3,466,51.5,35.5,12.5,-9.2,3.6,61.4,2022,REGULAR
9,L. Jackson,BAL,61.1,11.9,478,53.0,29.8,22.2,-8.9,1.0,58.7,2022,REGULAR
10,J. Burrow,CIN,60.8,19.3,750,79.6,63.5,13.3,-16.0,2.8,59.0,2022,REGULAR
11,J. Herbert,LAC,60.2,27.3,812,95.2,90.9,2.5,-15.5,1.8,61.7,2022,REGULAR
12,D. Prescott,DAL,59.9,16.7,480,56.6,48.5,5.3,-8.3,2.7,62.0,2022,REGULAR
13,M. Mariota,ATL,57.7,8.7,430,44.7,32.2,9.9,-12.2,2.6,57.1,2022,REGULAR
14,D. Carr,LV,57.6,11.2,591,62.3,55.0,4.7,-11.6,2.6,56.7,2022,REGULAR
15,J. Fields,CHI,56.3,13.4,556,59.2,10.0,46.5,-20.9,2.8,58.5,2022,REGULAR
16,J. Garoppolo,SF,56.3,8.7,367,38.5,38.8,-2.0,-9.2,1.8,58.3,2022,REGULAR
17,T. Lawrence,JAX,56.1,11.7,711,69.6,66.0,1.6,-11.7,2.0,55.8,2022,REGULAR
18,T. Brady,TB,54.6,10.7,823,77.0,77.5,-3.4,-10.4,3.0,54.6,2022,REGULAR
19,K. Murray,ARI,53.6,7.7,512,49.0,30.0,19.2,-10.3,-0.2,55.3,2022,REGULAR
20,K. Pickett,PIT,53.6,3.4,496,43.2,36.5,5.2,-9.6,1.6,52.4,2022,REGULAR
21,A. Dalton,NO,53.1,2.7,453,39.7,40.5,-2.0,-12.4,1.2,52.1,2022,REGULAR
22,M. Stafford,LAR,52.3,-1.7,362,27.4,26.5,0.3,-11.0,0.5,48.3,2022,REGULAR
23,K. Cousins,MIN,52.3,9.1,771,71.5,63.8,4.7,-17.0,3.0,54.1,2022,REGULAR
24,R. Tannehill,TEN,51.2,1.4,416,36.2,30.0,5.3,-14.3,0.9,51.2,2022,REGULAR
25,M. Ryan,IND,44.9,-8.0,554,39.0,38.5,-0.4,-17.0,0.9,44.9,2022,REGULAR
26,A. Rodgers,GB,41.3,-10.6,624,42.6,36.5,2.4,-16.4,3.7,44.0,2022,REGULAR
27,R. Wilson,DEN,38.7,-18.5,642,37.3,20.0,11.9,-24.0,5.5,40.0,2022,REGULAR
28,M. Jones,NE,38.4,-18.8,538,27.9,25.6,2.3,-14.5,0.0,37.9,2022,REGULAR
29,D. Mills,HOU,35.0,-23.3,573,24.8,23.1,-1.2,-12.7,2.9,36.0,2022,REGULAR
30,C. Wentz,WSH,34.4,-14.3,352,14.1,9.8,3.5,-11.4,0.7,36.0,2022,REGULAR
31,B. Mayfield,LAR,26.3,-31.0,417,6.0,5.7,-0.9,-14.5,1.2,25.9,2022,REGULAR
1,K. Cousins,MIN,86.1,5.9,42,9.6,9.4,0.2,0.0,0.0,87.9,2022,POST
2,P. Mahomes,KC,84.0,13.3,118,23.7,19.6,3.0,-1.4,1.1,83.1,2022,POST
3,D. Prescott,DAL,83.1,7.1,85,12.6,8.6,4.2,-0.8,-0.2,76.6,2022,POST
4,J. Hurts,PHI,78.1,12.5,134,21.9,15.6,5.5,-0.8,0.7,78.9,2022,POST
5,T. Huntley,BAL,75.0,2.0,40,5.5,5.4,0.1,-1.0,0.0,67.3,2022,POST
6,B. Purdy,SF,70.8,4.3,78,10.7,9.5,0.6,-1.7,0.6,68.6,2022,POST
7,G. Smith,SEA,67.3,0.9,46,3.5,3.6,0.2,-1.4,-0.4,56.5,2022,POST
8,D. Jones,NYG,62.9,2.7,90,8.7,3.7,5.0,-3.4,0.0,60.4,2022,POST
9,J. Burrow,CIN,53.8,0.1,146,12.9,10.4,2.7,-3.8,-0.2,50.2,2022,POST
10,J. Herbert,LAC,47.7,0.0,50,3.6,2.8,0.9,-1.2,-0.1,50.2,2022,POST
11,T. Lawrence,JAX,43.0,-1.3,99,6.6,3.1,3.5,-1.8,0.0,45.2,2022,POST
12,J. Allen,BUF,40.5,-1.1,104,7.3,5.7,1.5,-3.2,0.1,46.1,2022,POST
13,T. Brady,TB,25.4,-6.1,70,0.2,0.3,-0.1,-0.3,0.0,22.7,2022,POST
14,S. Thompson,MIA,23.3,-7.0,57,-1.7,-1.4,-0.4,-2.0,0.0,15.1,2022,POST
1,B. Purdy,SF,73.4,37.2,530,76.9,66.8,9.1,-10.2,1.0,73.0,2023,REGULAR
2,D. Prescott,DAL,73.4,57.0,724,106.7,91.6,10.6,-16.3,4.5,75.3,2023,REGULAR
3,J. Allen,BUF,70.3,41.2,744,102.7,71.6,31.2,-9.5,-0.1,68.6,2023,REGULAR
4,L. Jackson,BAL,65.4,29.3,676,84.0,60.4,19.8,-14.1,3.8,64.9,2023,REGULAR
5,J. Herbert,LAC,64.8,22.2,564,69.8,58.7,10.5,-13.1,0.6,63.6,2023,REGULAR
6,M. Stafford,LAR,64.2,22.7,607,71.6,65.6,1.7,-12.7,4.3,62.9,2023,REGULAR
7,K. Cousins,MIN,64.0,15.9,364,46.4,43.3,0.0,-7.6,3.1,65.0,2023,REGULAR
8,P. Mahomes,KC,63.9,31.9,724,92.1,66.6,21.6,-10.2,3.9,65.1,2023,REGULAR
9,J. Love,GB,62.9,26.4,699,82.2,76.5,1.4,-12.6,4.4,63.1,2023,REGULAR
10,T. Tagovailoa,MIA,61.5,18.8,659,70.6,75.2,-7.0,-10.4,2.4,60.0,2023,REGULAR
11,J. Goff,DET,61.1,21.4,690,72.3,73.4,-2.0,-10.8,0.9,60.8,2023,REGULAR
12,J. Hurts,PHI,60.9,22.2,773,86.9,67.1,16.4,-12.9,3.3,60.0,2023,REGULAR
13,G. Minshew,IND,60.4,13.3,587,60.9,54.1,3.2,-13.8,3.6,58.0,2023,REGULAR
14,G. Smith,SEA,60.3,16.8,602,67.9,61.7,5.7,-12.6,0.6,59.8,2023,REGULAR
15,C.J. Stroud,HOU,58.3,13.3,613,63.1,57.9,4.4,-17.4,0.8,57.6,2023,REGULAR
16,D. Carr,NO,57.3,15.2,634,65.8,70.1,-5.1,-14.2,0.8,58.4,2023,REGULAR
17,T. Lawrence,JAX,56.9,8.4,727,67.3,58.6,1.2,-13.7,7.5,54.1,2023,REGULAR
18,B. Mayfield,TB,55.1,11.5,698,68.2,59.4,5.2,-14.6,3.6,55.8,2023,REGULAR
19,J. Dobbs,MIN,52.7,2.7,556,46.7,21.4,22.0,-13.3,3.3,51.7,2023,REGULAR
20,J. Burrow,CIN,52.4,1.3,431,38.0,32.1,3.5,-11.2,2.4,51.1,2023,REGULAR
21,R. Wilson,DEN,51.5,0.0,596,48.5,30.3,12.6,-18.9,5.7,50.0,2023,REGULAR
22,K. Murray,ARI,48.0,-1.0,354,27.0,21.3,5.3,-6.6,0.4,49.0,2023,REGULAR
23,J. Fields,CHI,46.9,-2.3,567,43.6,24.0,19.6,-18.8,0.0,48.6,2023,REGULAR
24,S. Howell,WSH,43.2,-14.3,765,49.7,31.8,14.6,-25.5,3.3,43.4,2023,REGULAR
25,A. O'Connell,LV,41.3,-10.8,390,21.3,20.3,-0.1,-9.9,1.2,40.4,2023,REGULAR
26,D. Ridder,ATL,40.8,-10.1,496,33.2,27.6,3.4,-12.4,2.2,42.8,2023,REGULAR
27,K. Pickett,PIT,38.9,-16.6,389,17.6,12.0,3.1,-11.3,2.6,35.4,2023,REGULAR
28,M. Jones,NE,37.5,-14.6,413,21.6,20.6,1.4,-8.8,-0.5,37.7,2023,REGULAR
29,B. Young,CAR,34.1,-28.8,670,28.0,6.9,18.3,-26.9,2.8,35.2,2023,REGULAR
30,Z. Wilson,NYJ,31.3,-25.9,474,15.8,13.3,0.2,-20.4,2.3,31.6,2023,REGULAR
1,P. Mahomes,KC,86.9,21.0,180,36.6,28.4,8.0,-1.7,0.3,83.9,2023,POST
2,C.J. Stroud,HOU,83.0,4.2,67,9.1,9.6,-0.6,0.0,0.2,70.7,2023,POST
3,J. Allen,BUF,80.0,8.0,92,15.6,9.2,6.5,-0.5,-0.1,77.4,2023,POST
4,J. Love,GB,78.6,4.6,65,9.9,10.2,-2.7,0.0,2.4,73.3,2023,POST
5,M. Stafford,LAR,75.3,3.7,41,7.4,7.3,0.0,-0.7,0.1,78.4,2023,POST
6,B. Purdy,SF,74.4,10.8,128,22.2,17.8,4.3,-1.8,0.1,76.7,2023,POST
7,L. Jackson,BAL,74.4,7.1,88,14.4,5.4,8.8,-2.4,0.1,75.8,2023,POST
8,J. Goff,DET,66.6,6.6,124,16.8,16.0,0.4,-3.1,0.4,68.0,2023,POST
9,J. Flacco,CLE,55.7,1.0,54,4.3,4.0,0.4,-1.1,-0.1,56.6,2023,POST
10,B. Mayfield,TB,50.1,2.1,93,9.7,8.2,1.3,-4.4,0.1,58.1,2023,POST
11,D. Prescott,DAL,43.7,0.1,73,3.5,1.8,1.7,-1.0,0.0,50.3,2023,POST
12,M. Rudolph,PIT,41.0,-1.8,44,1.7,0.7,0.8,-0.5,0.2,35.8,2023,POST
13,J. Hurts,PHI,40.8,-1.2,42,2.3,3.9,-1.1,-0.8,-0.5,40.0,2023,POST
14,T. Tagovailoa,MIA,15.7,-6.9,47,-1.6,-1.9,0.5,-0.6,-0.2,11.2,2023,POST
1,L. Jackson,BAL,77.3,57.6,661,107.9,86.8,20.1,-10.1,1.0,77.4,_,REGULAR
2,J. Allen,BUF,77.3,53.9,642,101.0,71.3,28.4,-5.5,1.3,76.6,_,REGULAR
3,J. Burrow,CIN,74.7,59.4,788,122.6,106.5,13.3,-21.9,2.9,74.4,_,REGULAR
4,J. Daniels,WSH,70.6,47.3,698,98.4,53.6,42.2,-17.9,2.6,72.3,_,REGULAR
5,J. Love,GB,69.3,23.9,501,58.0,46.8,4.0,-5.8,7.1,66.2,_,REGULAR
6,J. Goff,DET,68.4,31.1,617,75.5,71.4,4.3,-13.1,-0.2,67.1,_,REGULAR
7,B. Purdy,SF,67.9,29.9,578,74.3,59.9,13.3,-11.4,1.1,67.5,_,REGULAR
8,P. Mahomes,KC,67.6,39.4,698,98.3,69.8,25.1,-15.5,3.4,69.0,_,REGULAR
9,K. Murray,ARI,66.5,29.3,693,82.9,60.3,19.3,-12.1,3.3,64.5,_,REGULAR
10,J. Hurts,PHI,65.6,29.2,558,73.7,45.3,28.2,-15.3,0.3,67.7,_,REGULAR
11,J. Herbert,LAC,64.8,33.1,640,82.8,69.7,10.0,-15.2,3.1,67.5,_,REGULAR
12,M. Stafford,LAR,64.7,22.8,604,71.7,60.3,5.0,-11.4,6.5,63.0,_,REGULAR
13,B. Mayfield,TB,61.6,30.3,713,83.5,67.7,14.2,-18.5,1.5,64.6,_,REGULAR
14,S. Darnold,MIN,60.4,20.4,703,76.7,64.4,5.9,-20.0,6.5,60.1,_,REGULAR
15,T. Tagovailoa,MIA,60.3,16.0,465,51.9,45.6,4.7,-9.8,1.6,61.9,_,REGULAR
16,T. Lawrence,JAX,59.5,6.7,350,33.1,23.9,7.2,-7.7,2.0,56.7,_,REGULAR
17,D. Maye,NE,58.6,9.8,475,43.2,27.1,14.7,-13.3,1.3,57.3,_,REGULAR
18,B. Nix,DEN,56.8,15.6,708,69.1,49.9,17.7,-9.6,1.5,57.7,_,REGULAR
19,J. Winston,CLE,55.6,3.0,370,30.8,25.7,6.7,-8.4,-1.6,52.8,_,REGULAR
20,B. Young,CAR,54.1,10.4,496,44.8,33.4,12.0,-10.9,-0.5,57.4,_,REGULAR
21,G. Smith,SEA,53.8,9.7,739,69.3,57.3,7.7,-23.3,4.3,54.6,_,REGULAR
22,R. Wilson,PIT,51.3,2.8,429,38.4,31.7,3.9,-13.7,2.8,52.3,_,REGULAR
23,K. Cousins,ATL,50.4,1.6,528,46.0,49.5,-6.1,-11.9,2.6,51.1,_,REGULAR
24,C.J. Stroud,HOU,49.8,0.0,672,55.8,53.3,-0.3,-22.9,2.8,50.0,_,REGULAR
25,A. Rodgers,NYJ,48.0,-6.3,692,51.7,43.2,5.7,-19.6,2.8,46.8,_,REGULAR
26,D. Jones,MIN,47.8,-3.6,459,34.5,26.5,5.5,-12.0,2.5,47.2,_,REGULAR
27,A. Richardson Sr.,IND,47.4,-6.1,375,24.9,8.8,15.9,-5.6,0.2,44.2,_,REGULAR
28,C. Williams,CHI,46.7,-11.2,771,50.4,37.9,10.1,-26.4,2.5,44.9,_,REGULAR
29,D. Prescott,DAL,45.3,-4.9,351,22.3,19.7,2.4,-6.9,0.2,45.1,_,REGULAR
30,C. Rush,DAL,41.0,-7.1,360,21.2,22.7,-3.8,-3.8,2.4,43.0,_,REGULAR
31,G. Minshew,LV,38.1,-14.5,371,17.0,12.4,1.0,-12.1,3.6,36.6,_,REGULAR
32,W. Levis,TEN,27.8,-31.9,426,5.1,8.3,-3.7,-15.1,0.5,25.7,_,REGULAR
1,J. Daniels,WSH,86.0,18.9,160,29.8,23.6,5.0,-1.9,1.2,84.2,_,POST
2,L. Jackson,BAL,84.8,8.3,74,13.7,8.9,5.1,-1.7,-0.3,83.0,_,POST
3,J. Allen,BUF,77.2,10.5,123,20.2,15.7,4.1,-1.9,0.4,76.9,_,POST
4,B. Nix,DEN,66.6,1.2,30,3.0,2.1,0.9,-0.6,-0.1,63.8,_,POST
5,J. Hurts,PHI,65.4,7.2,148,18.3,12.2,5.6,-6.5,0.4,66.6,_,POST
6,C.J. Stroud,HOU,64.9,3.0,84,9.7,5.3,4.3,-5.2,0.1,62.2,_,POST
7,B. Mayfield,TB,63.9,1.5,29,4.0,6.7,-2.7,-0.3,0.0,67.0,_,POST
8,P. Mahomes,KC,62.3,3.4,120,11.3,7.8,3.5,-3.8,0.0,59.9,_,POST
9,M. Stafford,LAR,57.2,-0.6,85,6.4,8.9,-2.9,-2.8,0.4,47.5,_,POST
10,R. Wilson,PIT,45.7,-1.3,37,1.6,2.4,-0.7,-1.2,-0.1,37.9,_,POST
11,J. Goff,DET,40.9,-0.7,41,2.1,2.0,0.2,-0.9,-0.1,44.2,_,POST
12,J. Love,GB,38.1,-2.6,40,0.8,-0.1,0.3,-0.9,0.6,28.4,_,POST
13,S. Darnold,MIN,13.6,-7.8,54,-2.0,-3.0,0.9,-3.9,0.1,11.5,_,POST
14,J. Herbert,LAC,12.8,-6.5,37,-2.7,-2.9,0.0,-1.5,0.2,7.8,_,POST
